/*
SQLyog Ultimate - MySQL GUI v8.21 
MySQL - 5.5.16 : Database - sancu
*********************************************************************
*/

/*!40101 SET NAMES utf8 */;

/*!40101 SET SQL_MODE=''*/;

/*!40014 SET @OLD_UNIQUE_CHECKS=@@UNIQUE_CHECKS, UNIQUE_CHECKS=0 */;
/*!40014 SET @OLD_FOREIGN_KEY_CHECKS=@@FOREIGN_KEY_CHECKS, FOREIGN_KEY_CHECKS=0 */;
/*!40101 SET @OLD_SQL_MODE=@@SQL_MODE, SQL_MODE='NO_AUTO_VALUE_ON_ZERO' */;
/*!40111 SET @OLD_SQL_NOTES=@@SQL_NOTES, SQL_NOTES=0 */;
CREATE DATABASE /*!32312 IF NOT EXISTS*/`sancu` /*!40100 DEFAULT CHARACTER SET latin1 */;

USE `sancu`;

/*Table structure for table `category_product` */

DROP TABLE IF EXISTS `category_product`;

CREATE TABLE `category_product` (
  `product_category_id` int(11) NOT NULL AUTO_INCREMENT,
  `product_category_title` varchar(255) NOT NULL,
  `product_category_desc` text NOT NULL,
  `active` enum('YES','NO') NOT NULL DEFAULT 'NO',
  PRIMARY KEY (`product_category_id`)
) ENGINE=MyISAM AUTO_INCREMENT=32 DEFAULT CHARSET=latin1;

/*Data for the table `category_product` */

insert  into `category_product`(`product_category_id`,`product_category_title`,`product_category_desc`,`active`) values (2,'Sandal SPONGEBOB','<p><span  Arial,Helvetica,sans-serif;\"><span  underline;\">Sandal spongebob</span> ini berbentuk kartun spongebob.&nbsp; Spongebob adalah tokoh kartun yang banyak diminati anak-anak.&nbsp; Spongebob sendiri bentuknya kotak berwarna kuning.&nbsp; Arti sponge adalah jamur.&nbsp; <br /></span></p>','YES'),(4,'Sandal NEMO MERAH','<p>Finding Nemo adalah cerita petualangan sebuah keluarga ikan hias, yang terdiri dari ayah dan anak, yang tinggal di terumbu karang. Marlin, seekor ikan sekaligus ayah dari Nemo adalah seekor ikan yang penakut, kebalikan dengan sang anak yang selalu ingin tahu.</p>','YES'),(5,'Sandal LUMBA-LUMBA','<p>Sandal ini berbentuk seperti lumba-lumba dengan desain warna biru dan putih. Untuk bagian belakang <span  underline;\">sandal berbentuk ekor ikan. </span>Lumba-lumba, mamalia air yang satu ini mungkin tak asing lagi bagi kita, sosok ikan yang melambangkan persahabatan dan juga sosoknya yang ramah, lucu dan imut membuat manusia cepat akrab dan menyukai mamalia yang satu ini.</p>','YES'),(6,'Sandal KODOK','<p>Sandal lucu kali ini menampilkan model Sandal Lucu Kodok Hijau. Sesuai dengan namanya kodok hijau Sandal Lucu ini berwarna Hijau dan berbentuk kodok. Rasanya akan sangat unik apabila di depan teras rumah kita ada kodok hijaunya, tentu saja dia tidak akan melompat kemana-mana, akan membuat suasana lucu di rumah kita, apalagi kalau sang buah hati yang memakai sandal lucu ini</p>','YES'),(7,'Sandal KOKOMEMEY','<p>Sandal KOKOMEMEY</p>, <p> terbuat dari bahan spon EVA yang empuk, dengan lapisan dasar rubber sole anti selip, sehingga mampu memberikan kenyamanan dalam setiap langkah anda</p>','YES'),(8,'Sandal HUDSONJESSICA','<p>Masih ingat dengan salah satu acara Indonesia Mencari Bakat yang pernah di tayangkan di salah satu stasiun swasta? Tentunya ingat dong, minimal pernah menontonnya. Ya, di acara Indonesia Mencari Bakat ada penyanyi asal Jogjakarta yaitu Hudson and Jessica. <strong>Hudson and Jessica</strong> yang dual wajah tersebut bisa menyanyikan lagu dengan dua karakter yaitu suara laki-laki dan suara wanita.</p>','YES'),(9,'Sandal OSHINJEPANG','<p>Sandal OSHINJEPANG</p>, <p> terbuat dari bahan spon EVA yang empuk, dengan lapisan dasar rubber sole anti selip, sehingga mampu memberikan kenyamanan dalam setiap langkah anda</p>','YES'),(10,'Sandal MARIOBROS','<p>Sandal MARIOBROS</p>, <p> terbuat dari bahan spon EVA yang empuk, dengan lapisan dasar rubber sole anti selip, sehingga mampu memberikan kenyamanan dalam setiap langkah anda</p>','YES'),(11,'Sandal GEORGE MONYET','<p><em>Sandal dengan bentuk seekor monyet ini sangat menarik</em>. Pas buat anak-anak ataupun orang dewasa. Sandal ini diambil dari tokoh kartun Curious George.Kenal sama George? Tokoh kartun kita ini memang seekor monyet yang lucu banget. Dia sangat polos seperti anak-anak kecil, selalu ingin tahu, baik hati, dan meski kadang usil tapi dia tidak nakal. Dialah tokoh utama dalam serial <strong>Curious George</strong>. Sebuah film kartun anak-anak yang ditayangkan oleh salah satu stasiun tv swasta.</p>','YES'),(12,'Sandal MICKEY MOUSE','<p>Karakter kartun berbentuk seekor tikus yang menjadi ikon bagi The Walt Disney</p>','YES'),(13,'Sandal SHAUN SHEEP','<p>&nbsp;Gambar Animasi Bergerak Shaun The Sheep merupakan tokoh animasi yang populer saat ini, dengan kekonyolan yang di sajikan setiap hari bisa membuat kita semua tertawa<br /><br /><br /></p>\n<div  absolute; left: -99999px;\">Shaun The Sheep merupakan tokoh animasi yang populer saat ini, dengan kekonyolan yang di sajikan setiap hari bisa membuat kita semua tertawa<br /><br /> Selengkapnya Di : <a href=\"http://animasigambarbergerak.blogspot.com/2012/05/gambar-animasi-shaun-sheep.html\">http://animasigambarbergerak.blogspot.com/2012/05/gambar-animasi-shaun-sheep.html</a></div>','YES'),(14,'Sandal ANGRY BIRD','<p><strong>Sandal angry birds</strong> adalah sandal yang berbentuk burung.&nbsp; Desainnya yang bagus membuat sandal angry birds mirip dengan aslinya. Angry birds adalah salah satu game yang saat ini banyak orang memainkannya.&nbsp; Banyak anak kecil yang senang dengan game ini.&nbsp; Disamping mudah untuk dimainkan, game ini sangat menghibur untuk anak.</p>','YES'),(15,'Sandal DORAEMON','<p>Robot <a title=\"Kucing\" href=\"http://id.wikipedia.org/wiki/Kucing\">kucing</a> berwarna biru dari <a title=\"Abad ke-22\" href=\"http://id.wikipedia.org/wiki/Abad_ke-22\">abad ke-22</a> yang dikirim ke <a title=\"Abad ke-20\" href=\"http://id.wikipedia.org/wiki/Abad_ke-20\">abad ke-20</a> untuk menolong Nobita. Lahir pada <a title=\"3 September\" href=\"http://id.wikipedia.org/wiki/3_September\">3 September</a> <a class=\"mw-redirect\" title=\"2112\" href=\"http://id.wikipedia.org/wiki/2112\">2112</a><sup id=\"cite_ref-1\" class=\"reference\"><a href=\"http://id.wikipedia.org/wiki/Doraemon#cite_note-1\">[1]</a></sup>. Tinggi badannya 129,3 cm dan berbobot 129,3 kg. Makanan kesukaannya adalah <a title=\"Dorayaki\" href=\"http://id.wikipedia.org/wiki/Dorayaki\">dorayaki</a>. Doraemon sangat menyayangi dan setia kepada Nobita. Seringkali ia menolong Nobita walaupun ia sendiri dalam kesusahan.</p>','YES'),(16,'Sandal CARS MERAH','<p><span class=\"st\"> <em>Film</em> kebut-kebutan yang mengusung karakter mobil sebagai tokoh utamanya. <em></em></span></p>','YES'),(17,'Sandal CARS BIRU','<p><span class=\"st\"> <em>Film&nbsp;</em> kebut-kebutan yang mengusung karakter mobil sebagai tokoh utamanya. <em></em></span></p>','YES'),(18,'Sandal SINCHAN','<p>&nbsp;Sinchan adalah serial manga dan anime karya Yoshito Usui. Tokoh utamanya adalah seorang bocah berusia lima tahun, ia murid taman kanak-kanak yang sering membuat ulah, dan membuat repot semua orang di sekitarnya</p>','YES'),(19,'Sandal TOM & JERRY','<p>Mengenai desain sandal Tom Jerry sangat bagus untuk dilihat dan dipakai.&nbsp; Sandal sancu Tom Jerry terdiri dari berbagai ukuran.&nbsp; Mulai dari ukuran untuk anak-anak dan dewasa.&nbsp; Bagi anda pecinta Tom Jerry segera dapatkan koleksi sandal sancu Tom jerry.<br /><br /></p>','YES'),(20,'JAS HUJAN SEPATU','<p>Produk Inovasi sebagai pelindung sepatu anda dari \"AIR HUJAN, SINAR UV dan LUMPUR\" saat berkendara \"MOTOR\" lindungi sepatu kesayangan anda, berkendara jadi semakin fashionable</p>','YES'),(22,'Sarung Galon Motif Boneka','<p>Sarung Penutup Galon air dengan Motif Boneka yang lucu, seperti boneka </p>\n<ul>\n<li>winnie the pooh, </li>\n<li>angry birds, </li>\n<li>boneka keroppi, </li>\n<li>boneka doraemon. </li>\n</ul>\n<p>Terbuat dari bahan Veltboa yang lembut (Bahan untuk Boneka) dengan dilapisi bahan Parasit di bagian dalamnya.</p>','YES'),(23,'Jas Hujan Axio','<div><strong>SPESIFIKASI :&nbsp;</strong></div>\n<ul>\n<li><strong>&nbsp;</strong><span>model &amp; bahannya tebal, jahitan lebih rapih dan keren.</span></li>\n<li><span>Bahan halus dan ringan.</span></li>\n<li><span>Rangkap 2, lapisan dalam pakai bahan puring,luarnya bahan tebal taslan waterproof dan windproof</span></li>\n<li><span>Model jahitan full seam seal (lapisan double seal hotpress)</span></li>\n<li><span>Terdapat kantong dalam untuk simpan HP dan kantong luar dengan retsleting.</span></li>\n<li><span>Desain futuristik dilapis scotlight di bagian punggung, dada dan tangan untuk menjamin keamanan waktu berkendara dimalam hari</span></li>\n<li><span>Penutup kepala bisa disimpan di bagian leher dengan desain resleting.</span></li>\n<li><span>Celana Tebal, Rangkap &amp; tidak mudah sobek.</span></li>\n<li><span>Dibagian celananya menggunakan karet dan terdapat tali pengikat</span></li>\n<li><span>Mudah Dibawa karena menggunakan Tas yang keren</span></li>\n<li><span>Banyak pilihan warna dan ukuran</span></li>\n<li><span>Dijamin PUAS memakai Jas Hujan AXIO</span></li>\n</ul>\n<p><br /><br /></p>','YES'),(25,'Birthday Things ','<p>Ulang tahun adalah hari spesial buat semua orang dan kami hadir untuk membuat hari special kalian menjadi berkesan. Kami siap menjadi birthday party planner buat kalian semua dan juga&nbsp; menyediakan berbagai keperluan untuk pesta ulang tahun anak-anak seperti backdrop, cakes, paper bag and goodies bag.</p>\n<p>Bandung and Jakarta Area Only</p>\n<p>&nbsp;</p>','YES'),(28,'Bantal motif boneka','<p><span><span>Bantal dengan kain boneka,Lembut,Halus,Kualitas Mall<br /></span></span></p>\n<p><span><span>Ukuran : 45 X 32 X 10 CM.</span></span></p>','YES'),(24,'Baju tidur','<p>Berbagai motif baju tidur untuk kenyamanan kalian semua saat beristirahat.&nbsp; Bahan spandex enak dan adem :)</p>','YES'),(27,'Advertising Space','<p>Ada info-info menarik lho :) Silahkan di klik show detail untuk lebih tahu ada apa sajanya.</p>','NO'),(30,'Serba serbi','<p>Macam-macam produk yang lucu dan juga berguna</p>','YES'),(31,'Selimut Kintakun','<p>Selimut good quality , bahan dari polar fleece&nbsp; bagus adem lembut.</p>\n<p>Ukuran 160cm X 200cm </p>','YES');

/*Table structure for table `ci_sessions` */

DROP TABLE IF EXISTS `ci_sessions`;

CREATE TABLE `ci_sessions` (
  `session_id` varchar(40) NOT NULL DEFAULT '0',
  `ip_address` varchar(16) NOT NULL DEFAULT '0',
  `user_agent` varchar(120) NOT NULL,
  `last_activity` int(10) unsigned NOT NULL DEFAULT '0',
  `user_data` text NOT NULL,
  PRIMARY KEY (`session_id`),
  KEY `last_activity_idx` (`last_activity`)
) ENGINE=MyISAM DEFAULT CHARSET=latin1;

/*Data for the table `ci_sessions` */

insert  into `ci_sessions`(`session_id`,`ip_address`,`user_agent`,`last_activity`,`user_data`) values ('2240f66abf14c8b4f94d3c2e7afa93fd','::1','Mozilla/5.0 (Windows NT 6.1) AppleWebKit/537.36 (KHTML, like Gecko) Chrome/48.0.2564.116 Safari/537.36',1457074265,'a:4:{s:9:\"user_data\";s:0:\"\";s:7:\"user_id\";s:1:\"4\";s:10:\"user_email\";s:17:\"if07087@gmail.com\";s:9:\"user_type\";s:5:\"admin\";}');

/*Table structure for table `city` */

DROP TABLE IF EXISTS `city`;

CREATE TABLE `city` (
  `city_id` int(11) NOT NULL AUTO_INCREMENT,
  `fk_province_id` int(11) NOT NULL,
  `city_name` varchar(125) NOT NULL,
  PRIMARY KEY (`city_id`)
) ENGINE=MyISAM AUTO_INCREMENT=2 DEFAULT CHARSET=latin1;

/*Data for the table `city` */

insert  into `city`(`city_id`,`fk_province_id`,`city_name`) values (1,1,'BATAM');

/*Table structure for table `courier` */

DROP TABLE IF EXISTS `courier`;

CREATE TABLE `courier` (
  `courier_id` int(11) NOT NULL AUTO_INCREMENT,
  `courier_name` varchar(125) NOT NULL,
  PRIMARY KEY (`courier_id`)
) ENGINE=MyISAM AUTO_INCREMENT=3 DEFAULT CHARSET=latin1;

/*Data for the table `courier` */

insert  into `courier`(`courier_id`,`courier_name`) values (1,'POST OFFICE'),(2,'JNE');

/*Table structure for table `order` */

DROP TABLE IF EXISTS `order`;

CREATE TABLE `order` (
  `order_id` int(11) NOT NULL AUTO_INCREMENT,
  `order_title` varchar(255) NOT NULL,
  `order_by` int(11) NOT NULL,
  `order_date` datetime NOT NULL,
  `fk_shipping_rate_id` int(11) NOT NULL,
  `order_status` enum('ORDER','LOCKED','SHIPPING','RECEIVED') NOT NULL DEFAULT 'ORDER',
  PRIMARY KEY (`order_id`)
) ENGINE=MyISAM AUTO_INCREMENT=37 DEFAULT CHARSET=latin1;

/*Data for the table `order` */

insert  into `order`(`order_id`,`order_title`,`order_by`,`order_date`,`fk_shipping_rate_id`,`order_status`) values (4,'Pesanan Santi 1',1,'2013-01-24 09:51:29',2,'LOCKED'),(10,'Pesanan Santi 2',1,'2013-01-27 09:41:18',2,'RECEIVED'),(11,'Pesanan Gina 1',1,'2013-01-27 09:46:51',2,'RECEIVED'),(12,'Pesanan Santi 3',1,'2013-01-28 23:50:19',2,'RECEIVED'),(18,'sandal lumba lumba',5,'2013-02-18 23:22:34',2,'RECEIVED'),(35,'Jas Hujan Axio Hitam',5,'2013-02-25 00:45:51',1,'ORDER'),(34,'JAS HUJAN SEPATU',5,'2013-02-25 00:43:53',2,'RECEIVED'),(32,'Pesanan ',6,'2013-02-25 00:41:14',2,'ORDER'),(33,'Pesanan 2',6,'2013-02-25 00:42:00',2,'RECEIVED'),(30,'sarung galon spongebob',5,'2013-02-18 23:40:53',1,'RECEIVED'),(31,'sandal Blue Card',5,'2013-02-25 00:24:37',2,'ORDER'),(36,'pesanan baju tidur',4,'2016-03-04 07:48:26',1,'ORDER');

/*Table structure for table `order_product` */

DROP TABLE IF EXISTS `order_product`;

CREATE TABLE `order_product` (
  `order_product_id` int(11) NOT NULL AUTO_INCREMENT,
  `fk_order_id` int(11) NOT NULL,
  `fk_product_id` int(11) NOT NULL,
  `qty` int(11) NOT NULL,
  PRIMARY KEY (`order_product_id`)
) ENGINE=MyISAM AUTO_INCREMENT=87 DEFAULT CHARSET=latin1;

/*Data for the table `order_product` */

insert  into `order_product`(`order_product_id`,`fk_order_id`,`fk_product_id`,`qty`) values (2,4,22,1),(3,4,5,1),(4,4,116,1),(5,4,118,1),(6,4,108,1),(7,4,168,1),(8,4,7,1),(21,10,158,1),(22,10,58,2),(23,10,89,1),(24,10,115,1),(25,10,168,1),(26,10,78,1),(27,10,68,1),(28,11,3,1),(29,11,56,1),(30,11,113,1),(31,11,6,1),(32,12,166,1),(33,12,128,2),(34,12,85,1),(35,12,38,1),(36,12,126,1),(37,12,122,1),(45,18,28,1),(71,18,16,1),(85,35,197,2),(84,34,186,2),(83,33,172,2),(82,32,116,2),(81,18,117,1),(80,18,97,1),(79,18,78,1),(78,18,38,1),(77,18,25,1),(76,18,68,1),(75,18,90,1),(74,18,84,1),(72,18,75,1),(73,18,98,1),(68,30,192,1),(69,31,146,1),(70,31,126,1),(86,36,210,1002);

/*Table structure for table `page` */

DROP TABLE IF EXISTS `page`;

CREATE TABLE `page` (
  `page_id` int(11) NOT NULL AUTO_INCREMENT,
  `page_title` varchar(255) NOT NULL,
  `page_meta_keyword` varchar(255) NOT NULL,
  `page_meta_desc` varchar(500) NOT NULL,
  `page_content` text NOT NULL,
  `active` enum('YES','NO') NOT NULL DEFAULT 'YES',
  PRIMARY KEY (`page_id`)
) ENGINE=MyISAM AUTO_INCREMENT=9 DEFAULT CHARSET=latin1;

/*Data for the table `page` */

insert  into `page`(`page_id`,`page_title`,`page_meta_keyword`,`page_meta_desc`,`page_content`,`active`) values (1,'Tentang','sandal lucu','sandal lucu unik yang nyaman dipakai','<div class=\"page-header\">\n<h1 id=\"title_content\">Tentang Kami</h1>\n</div>\n<p>Terima kasih atas kesempatan kalian telah mengunjungi website kami. <a href=\"http://www.raenz.com\">raenz.com</a> hadir&nbsp; untuk memberikan kemudahan bagi kalian yang ingin membeli produk dengan media internet, memerlukan jasa organizer dan bagi kalian yang ingin bekerja sama dengan kami untuk memasarkan produk kalian.<a href=\"http://raenz.com\"> raenz.com</a> merupakan website yang menyediakan produk-produk yang menarik, berkualitas serta terjangkau seperti sandal karakter lucu, jas hujan, jas hujan sepatu, mini massager, mini sealer adaptor port,&nbsp; birthday things dan produk lainnya (menyusul). Kami juga menyediakan&nbsp; ruang untuk kalian mempromosikan usaha kalian.</p>\n<table border=\"0\">\n<tbody>\n<tr>\n<td><a href=\"http://raenz.com/product/Jas-Hujan-Axio-23\"><img class=\"img-rounded\" title=\"AXIO\" src=\"http://www.raenz.com/assets/images/product/1dbc48fa369cd4d50b17d05e9e0e9853.jpg\" alt=\"jas hujan\" width=\"476\" height=\"200\" /></a>&nbsp;</td>\n<td><a href=\"http://raenz.com/product/Sarung-Galon-Motif-Boneka-22\"><img class=\"img-rounded\" title=\"winnie the pooh\" src=\"http://www.raenz.com/assets/images/product/49e7aa81ee216fba0bb53bb4def87734.jpeg\" alt=\"sarung bantal \" width=\"172\" height=\"200\" /></a>&nbsp;</td>\n<td><a href=\"http://raenz.com/product/JAS-HUJAN-SEPATU-20\"><img class=\"img-rounded\" title=\"jas hujan sepatu bermotif\" src=\"http://www.raenz.com/assets/images/product/995801efa6d0f386722298c1a8ed769c.jpg\" alt=\"jas hujan sepatu\" width=\"317\" height=\"200\" /></a>&nbsp;</td>\n</tr>\n</tbody>\n</table>\n<p>&nbsp;</p>\n<p>Semoga produk dan jasa yang kami tawarkan dapat memenuhi kebutuhan kalian. Jika kalian tertarik dengan yang kami sediakan di web kami, maka silahkan menghubungi&nbsp; kami melalui sms , bbm atau email.</p>\n<p>Untuk meningkatkan kualitas pelayanan, produk dan penampilan website kami, silahkan berikan saran dan pendapat anda agar kami bisa memperbaiki dan memberikan yang terbaik bagi anda di&nbsp; <a href=\"mailto:angraenz@gmail.com\">angraenz@gmail.com</a> atau menuliskan comment di bawah ini .</p>\n<p>Terima kasih :)</p>\n<p>&nbsp;</p>\n<p>NOTE :</p>\n<ul>\n<li>Harga yang dicantumkan dalam produk-produk yang dijual belum termasuk ongkos kirim</li>\n<li>Cara pemesanan silahkan cek link <a href=\"http://www.raenz.com/page/Pemesanan-3\">ini</a> dan untuk pebayaran cek link <a href=\"http://www.raenz.com/page/Pembayaran-2\">ini</a></li>\n<li>Untuk fee pemasangan iklan atau jasa organizer silahkan menghubungi kami untuk lebih detailnya</li>\n</ul>\n<p>&nbsp;</p>\n<p>&nbsp;</p>\n<p>Salam</p>\n<p>Raenz</p>\n<p>&nbsp;</p>\n<p>&nbsp;</p>','YES'),(2,'Pembayaran','Pembayaran','Pembayaran','<div>\n<p>Setelah melakukan <a href=\"http://raenz.com/page/Pemesanan-3\">pemesanan </a>terlebih dahulu kemudian dilanjutkan dengan pembayaran melalui transfer ke Rekening BCA :</p>\n<p><img class=\"img-polaroid\" title=\"BCA\" src=\"http://www.raenz.com/assets/tinymce/uploaded/bca.jpg\" alt=\"BCA\" width=\"398\" height=\"127\" /></p>\n<p>&nbsp;</p>\n<ul>\n<li><strong>Nomor Rek : 2821142808</strong></li>\n<li><strong>Atas Nama : Anggraeni Wisono</strong></li>\n</ul>\n</div>\n<p>&nbsp;</p>','YES'),(3,'Pemesanan','Pemesanan','Pemesanan','<div>\n<p><span>Cara Pemesanan:</span></p>\n<ol>\n<li><span>Hubungi melalui sms/email/pin bb , cantumkan nama produk, ukuran(jika ada), berapa pcs, nama dan alamat pengiriman serta no telp/HP juga email .</span></li>\n<li><span>Bagi kalian yang ingin menjadi member silahkan sms/bbm dengan mencantumkan nama, no telp dan email, nanti kami akan memberikan login dan password untuk mempermudah pemesanan</span></li>\n<li><span>Konfirmasi ketersediaan barang&nbsp; dan total&nbsp; harga ditambah ongkos kirim akan kami kirimkan via sms/email. Untuk pengecekan ongkos kirim, silahkan liat di <a href=\"http://www.jne.co.id\">jne</a></span></li>\n<li><span>Lakukan pembayaran ke rekening bank kami dan konfirmasi pembayaran melalui sms/bbm</span></li>\n<li><span>Barang akan segera kami kirimkan </span><br /><span><br /></span><a href=\"mailto:angraenz@gmail.com\">angraenz@gmail.com</a><br /> <abbr title=\"Mobile Phone\">MP</abbr>&nbsp;:&nbsp;+6283872989393<br /> PIN&nbsp;<abbr title=\"BlackBerry\">BB</abbr>&nbsp;:&nbsp;2A57D770</li>\n</ol></div>','YES'),(4,'Profilku','Profil Pemilik Me Saya raenz','Profil Pemilik Website Raenz','<p>Hi Semuanya,</p>\n<p>Yang punya website ini namanya Anggraeni, bisa dipanggil dengan banyak nama \"ang, reni, raenz, angie dsb \" pokoknya suka-sukanya orang manggil deh.</p>\n<p  center;\"><img class=\"img-polaroid\" title=\"Profil \" src=\"http://www.raenz.com/assets/tinymce/uploaded/432163_10150670309793293_703012653_n.jpg\" alt=\"Raenz\" width=\"182\" height=\"231\" /></p>\n<p>Besar dibandung dan sekarang tinggal di jakarta dan bekerja di sebuah perusahaan swasta.</p>\n<p>Jadi pemiliknya jelas koq.</p>\n<p>Silahkan sering-sering berkunjung ke website ini :) dan jangan lupa kasih masukan .</p>\n<p>Yang pasti selain jualan , bakalan ada hal-hal lainnya deh yang berguna buat kalian semua .</p>\n<p>Cheers</p>\n<p>Raenz</p>\n<p>&nbsp;</p>\n<p>&nbsp;</p>\n<p>&nbsp;</p>','YES'),(5,'Artikel ','cerita','cerita-cerita','<div class=\"page-header\">\n<h1>Artikelku</h1>\n</div>\n<div>\n<ul>\n<li>Kisah kartun \"WALL E\" yang&nbsp; memberi inspirasi :) baca di<a title=\"WALL E\" href=\"http://raenz.com/page/WALL-E-6\" target=\"_blank\"> sini</a></li>\n<li>Kisah kartun \"UP\" Bermimpilah besar dan berusahalah untuk mencapainya seperti sang kakek dalam film UP,&nbsp; baca di <a href=\"http://raenz.com/page/UP-8\" target=\"_blank\">sini </a></li>\n<li>...</li>\n</ul>\n</div>','YES'),(6,'WALL E','WALL E','WALL E','<div class=\"page-header\">\n<h1>Makna di balik film \"Wall-e\"</h1>\n</div>\n<p><img class=\"img-circle\" title=\"wall-e\" src=\"http://pixartimes.com/wp-content/uploads/2010/12/wall-e-and-eve.jpg\" alt=\"wall-e\" width=\"1280\" height=\"800\" /></p>\n<p><br /><strong>Jalan Cerita :</strong></p>\n<hr />\n<p  justify;\"><span  medium;\">Secara keseluruhannya, Film Wall-e ini bercerita mengenai sebuah robot yang bernama Wall-e, robot ini didesign untuk membersihkan bumi dari sampah. Dalam perjalanannya, Wall-e jatuh cinta pada robot yang bernama Eve dan akhirnya mengikutinya ke luar angkasa.</span></p>\n<p  justify;\"><span  medium;\">Berawal pada abad 22, bumi sudah semakin modern dan maju, dengan perkembangan manusia yang semakin konsumtif dan mengarah kepada tingkah laku yang serba instan. Akibatnya banyak sampah yang dihasilkan dan tidak dapat didaur-ulang sehingga bumi dipenuhi oleh sampah, dan akhirnya bumi tidak dapat mendukung aktivitas hidup manusia.</span><br /><span  medium;\">Kemudian manusia diungsikan ke luar angkasa (axiom), dan pada saat yang sama robot-robot dibuat untuk membersihkan bumi dari sampah. Robot ini diberi nama Wall-e (Waste Allocation Load Lifter Earth-class) yang mungkin dapat diartikan dengan &ldquo;Alokasi pengolahan Limbah untuk Bumi&rdquo;.</span></p>\n<p  justify;\"><br /><span  medium;\">Robot ini dibuat untuk mengepak sampah menjadi sebentuk &lsquo;kubus&rsquo;, sehingga tidak memenuhi bumi. Dalam tugasnya membersihkan bumi dari sampah, Wall-e bertemu dengan Eve. Dan langsung jatuh cinta pada pandangan pertama.</span><br /><span  medium;\">Suatu hari Wall-e menemukan tanaman yang tumbuh dalam sepatu bekas. Tanaman itu ditunjukkan kepada Eve, dan Eve secara otomatis mengambil tanaman itu dan dimasukkan ke dalam tubunya sendiri. Kemudian Eve kembali ke axiom untuk mengantarkan tanaman dan memberitahukan bahwa bumi sudah dapat men-support kehidupan manusia.</span><br /><span  medium;\">Axiom telah disetting secara otomatis mendapatkan pesan bahwa bumi telah terlalu toksis dan tidak dapat mendukung kehidupan manusia. Kapal secara auto akan menghancurkan tanaman karena terdeteksi sebagai benda asing yang akan membahayakan manusia di Axiom.</span></p>\n<p  justify;\"><br /><span  medium;\">Disinilah perjuangan Eve untuk menyelamatkan tanaman dan mengantarkan kepada kapten kapal dan perjuangan Wall-e untuk melindungi dan menyelamatkan Eve.</span><br /><span  medium;\">Eve dan Wall-e berhasil meyakinkan kapten kapal untuk kembali ke bumi karena bumi telah dapat ditempati kembali dan dapat digunakan untuk mendukung kehidupan manusia. Mereka dihadang oleh robot-robot agar kapal tidak kembali ke Bumi. Hingga menyebabkan Wall-e rusak parah, membuat Eve jatuh cinta dan semakin berusaha keras agar kapal kembali ke Bumi, karena hanya dengan kembali ke bumi dpat menghidupkan kembali Wall-e dengan mengganti komponen-komponen Wall-e dengan yang baru.</span></p>\n<p  justify;\"><br /><span  medium;\">Akhirnya manusia kembali ke Bumi. Dan Eve langsung memperbaiki Wall-e dengan mengganti komponennya. Ternyata setelah diganti, Wall-e kembali kepada settingan awal, ingatannya pada Eve hilang. Eve berusaha untuk mengembalikan ingatan Wall-e, hingga Wall-e dapat mengenal Eve kembali.</span><br /><span  medium;\">Makna yang terkandung dalam Film ini :</span><br /><span  medium;\">Dari film ini, secara tidak langsung kita dapat menyimpulkan hal-hal yang terkait pada keadaan bumi kita yang sebenarnya sudah sangat meresahkan, apalagi jika kita lihat dengan saksama. Berikut beberapa pesan yang dapat kita ambil dari film Wall-E ini yang berkaitan erat dengan keadaan bumi kita saat ini.</span></p>\n<ul  justify;\">\n<li><span  medium;\">Bumi saat ini semakin penuh dengan sampah, akibat dari aktivitas manusia itu sendiri. Yang lebih mengarah kepada pola hidup yang serba instan dan sudah tidak peduli lagi terhadap lingkungan (scene awal Wall-e dengan sampah) dan sudah sperti hal yang biasa ketika melihat sampah berada disekitarnya.</span></li>\n<li><span  medium;\">Manusia semakin gemuk, intelegensi berkurang, dan semakin individualistis karena semua sudah diatur secara otomatis oleh robot/mesin (scene manusia di Axiom). Dalam kenyataannya, saat ini teknologi sudah sangat memfasilitasi manusia untuk beraktivitas secara cepat dan efisien, namun dibalik keuntungan yang didapat apabila manusia tidak dapat mengontrol dirinya, maka yang ada manusia akan menjadi &lsquo;budak&rsquo; teknologi dan tidak akan bisa berbuat apa-apa tanpa itu, padahal pada awalnya manusia lah yang menciptakan teknologi untuk sekedar membantu dalam beraktifitas dan mempermudah pekerjaan manusia.</span></li>\n<li><span  medium;\">Tidak ada tanaman yang dapat tumbuh di Bumi karena bumi sudah sangat tercemar. Pada kenyataannya memang lahan untuk ditanami tumbuhan sudah semakin berkurang, berganti dengan pabrik-pabrik, mall-mall, dengan tidak disadari pada kepentingan pembangunan yang berwawasan lingkungan tetapi lebih kepada keuntungan semata. Padagal jika kita melihat keadaan bumi beberapa tahun kebelakang, keadaannya tidak seperti ini yang sangat panas, dan bahkan kita sudah jarang melihat pohon-pohon besar menghiasi jalan-jalan besar. Dengan kata lain, khususnya Indonesia yang dulu sempat dijuluki sebagai Paru-Paru Dunia, sepertinya hal itu sudah tidak kita temukan lagi, karena keberadaan pohon itu sendiri yang semakin jarang.</span></li>\n<li><span  medium;\">Perjuangan Wall-e dan Eve, yang hanya sebuah robot dalam melindungi tanaman (scene tengah-akhir) harus dapat menjadi cermin bagi manusian saat ini, bahwa bumi ini harus dilindungi dan dijaga dan dimanfaatkan sebagaimana mestinya. Tidak hanya menebang, tetapi harus menanam, tidak hanya mengotori tetapi harus membersihkan.</span></li>\n<li><span  medium;\">Diawali dengan menyelamatkan satu pohon, maka akan bisa mengembalikan bumi kepada yang hijau, bersih, dan dapat dihuni oleh manusia. Pada kenyataannya, sekarang sudah banyak aktivitas yang mengarah kepada gerakan tanam pohon (dengan berjuta-juta pohon), tetapi jangan sampai gerakan tersebut berhenti sampai menanam tanpa ada aktivitas untuk memelihara dan menjaga. Karena akan mengakibatkan tanam pohon tersebut menjadi sia-sia.</span></li>\n</ul>\n<p  justify;\"><span  medium;\">Semoga, dengan menonton film ini manusia bisa menyadari bahwa kerusakan bumi telah terjadi dan akan semakin besar apabila kita tidak berbuat apa-apa. Dan apabila sudah menyadari mulailah bertindak dengan meminimalisir menghasilkan sampah, hiduplah dengan efisien, tidak boros energi, tidak bertingkah laku konsumtif, dan pada akhirnya akan menjadi boomerang bagi kita sendiri.</span></p>\n<p  justify;\"><br /><span  medium;\">Kerusakkan bumi saat ini bukan hanya tanggung jawab segelintir orang yang merasa peduli terhadap lingkungan, tetapi tanggung jawab semua manusia yang menghuni bumi ini.Efeknya memang belum kita rasakan saat ini, namun beberapa tahun kedepan generasi-generasi penerus kita lah yang akan sangat merasakan efeknya. Bahkan saat ini pun, walaupun masih skala kecil kita dapat merasakan efek dari pans bumi yang sudah tidak terjangkau lagi. Perubahan musim yang tidak teratur, keadaan suhu bumi yang padaa saar panas terasa panas sekali, dan pada saat dingin terasa dingin sekali. Hal ini lah yang perlu kita waspadai kedepannya.</span></p>','NO'),(8,'UP','UP','UP','<div class=\"page-header\">\n<h1>Makna di balik film \"UP\"</h1>\n</div>\n<p><img class=\"img-circle\" src=\"http://www.google.com/url?sa=i&source=images&cd=&docid=i87MTKOShJdhhM&tbnid=Pc93i-826LZMxM:&ved=0CAUQjBwwAA&url=http://3.bp.blogspot.com/-BNTpZtPtFgg/UNDd6mc108I/AAAAAAAAE1E/2A1mWjGo2gE/s1600/russell_dug_carl_fredricksen_in_pixars_up-wide.jpg&ei=99ksUdV-0OqtB_fagOAL&psig=AFQjCNFJYwFXrb-MU6LYprYWuKr7j0ZNUg&ust=1361980279060649\" alt=\"\" width=\"1440\" height=\"900\" /></p>\n<p>&nbsp;</p>\n<p><br /><strong>Jalan Cerita :</strong></p>\n<hr />\n<p>Keliling dunia dengan balon. begitulah kesan pertama yang didapat ketika menonton film ini.<br />Film ini mengisahkan seorang kakek yaitu Carl Fredrickson, yang sudah harus dimasukkan ke panti jompo karena sudah tidak ada yang merawatnya dan mulai meresahkan masyarakat. Akan tetapi, ada satu cita-cita Carl dengan mendiang istrinya - Ellie Fredricksen, sejak mereka berteman waktu kecil yang belum terlaksana, yaitu, pergi ke Paradise Falls di Amerika Selatan. Sayangnya sang istri sudah meninggal. Janji tetap janji, pada hari yang seharusnya Carl dijemput untuk dipindahkan ke panti jompo, ternyata rumah Carl telah dipasangi sepuluh ribu balon gas helium, tekanan balon yang sangat kuat membuat retakan diseluruh bagian bawah rumah, dan menerbangkan rumah tersebut.</p>\n<p><br />Carl akhirnya terbang bersama rumahnya. Ketika dikira ia akan berpetualan sendirian, seorang anak kecil bernama Russel ,mengetuk pintu rumahnya, Disaat sedang terbang!. Russel yang berusia 8 tahun tipikal anak yang lugu, lucu, bawel namun memendam kesepian yang dalam. Russel, seorang pramuka yang ingin melengkapi emblem kepanduannya, menyimpan kerinduan yang sangat terhadap kehadiran seorang ayah.</p>\n<p><br />Carl dan Russel akhirnya menjalani petualangan berdua. di tengah perjalanan, Russell menemukan Kevin, seekor burung raksasa yang menyerupai burung unta, dan mereka menjadi sahabat baik karena Kevin menyukai coklat, dan Russell punya banyak coklat. Carl sempat tidak menyukai Kevin, lalu Carl bertemu dengan Dug, seekor anjing yang dapat bicara dengan sebuah alat pada leher dug. Namun, Dug mempunyai tiga musuh yaitu alfa,belda,delta. Sekawanan anjing tersebut ternyata dimiliki oleh Charles Muntz, pahlawan Carl dari kecil.</p>\n<p><br />Charles Muntz diusir dari tempat tinggalnya karena telah menyebarkan berita bohong tentang makhluk asing dari Paradise Falls. ketika Carl menyadari susunan tulang mahluk asing tersebut sangat mirip dengan Kevin, ia pun bergegas pergi dari kediaman Charlez. tapi Charles tahu bahwa Carl memiliki Kevin, ia menyuruh anjing-anjingnya untuk mengejar Carl dan Russell serta Kevin yang melarikan diri. namun usaha pengejaran Charles sia-sia karena mereka berhasil lolos tapi Carl harus kehilangan rumah kenangannya dengan Ellie yang jatuh dari ketinggian ketika akan menyelamatkan diri.</p>\n<p><br />Russell dan Carl, pulang ketempat asalnya dengan kapal raksasa Muntz dan mereka menghadiri upacara yang diikuti Russell. Russell mengangkat Carl sebagai ayah angkatnya, sementara Kevin sudah pulang ketempat asalnya dan Dug menjadikan Carl sebagai pemilik barunya. Dug, Carl, dan Russell hidup bahagia, sementara saat kembali ke Paradise Falls, rumah Carl dan Ellie mendarat dengan sempurna di Paradise Falls, tepat seperti gambar dari lukisan yang mereka impikan selama 70 tahun. :)</p>','NO');

/*Table structure for table `product` */

DROP TABLE IF EXISTS `product`;

CREATE TABLE `product` (
  `product_id` int(11) NOT NULL AUTO_INCREMENT,
  `fk_category_product_id` int(11) NOT NULL,
  `product_title` varchar(255) NOT NULL,
  `product_desc` text NOT NULL,
  `product_selling_price` double NOT NULL,
  `product_buying_price` double NOT NULL,
  `product_weight` double NOT NULL,
  `product_image` varchar(255) NOT NULL,
  `product_image_thumbs` varchar(255) NOT NULL,
  `image_used` enum('FILE','URL') NOT NULL DEFAULT 'FILE',
  `image_url` varchar(500) NOT NULL,
  `image_url_thumbs` varchar(500) NOT NULL,
  `active` enum('YES','NO') NOT NULL DEFAULT 'YES',
  `primary` enum('YES','NO') NOT NULL DEFAULT 'YES',
  PRIMARY KEY (`product_id`)
) ENGINE=MyISAM AUTO_INCREMENT=228 DEFAULT CHARSET=latin1;

/*Data for the table `product` */

insert  into `product`(`product_id`,`fk_category_product_id`,`product_title`,`product_desc`,`product_selling_price`,`product_buying_price`,`product_weight`,`product_image`,`product_image_thumbs`,`image_used`,`image_url`,`image_url_thumbs`,`active`,`primary`) values (1,2,'Size 21','<p>Sandal dari bahan spon EVA yang empuk, dengan lapisan dasar rubber sole anti selip, sehingga mampu memberikan kenyamanan dalam setiap langkah anda : SPONGEBOB size 21</p>',23000,16000,0.25,'e4090b7518fe0fb25f5f15017ff5f0c6.jpg','e4090b7518fe0fb25f5f15017ff5f0c6_thumb.jpg','FILE','','','YES','NO'),(2,2,'Size 24','<p>Sandal dari bahan spon EVA yang empuk, dengan lapisan dasar rubber sole anti selip, sehingga mampu memberikan kenyamanan dalam setiap langkah anda : SPONGEBOB size 24</p>',23000,16000,0.25,'92dc1341fc78f9ce50efbc7eca7b1ff3.jpg','92dc1341fc78f9ce50efbc7eca7b1ff3_thumb.jpg','URL','http://www.raenz.com/assets/images/product/e4090b7518fe0fb25f5f15017ff5f0c6.jpg','http://www.raenz.com/assets/images/product/e4090b7518fe0fb25f5f15017ff5f0c6_thumb.jpg','YES','NO'),(3,2,'Size 28','<p>Sandal dari bahan spon EVA yang empuk, dengan lapisan dasar rubber sole anti selip, sehingga mampu memberikan kenyamanan dalam setiap langkah anda : SPONGEBOB size 28</p>',23000,16000,0.25,'fa13749f468625b3e6da0e2da1d51703.jpg','fa13749f468625b3e6da0e2da1d51703_thumb.jpg','URL','http://www.raenz.com/assets/images/product/e4090b7518fe0fb25f5f15017ff5f0c6.jpg','http://www.raenz.com/assets/images/product/e4090b7518fe0fb25f5f15017ff5f0c6_thumb.jpg','YES','NO'),(4,2,'Size 30','<p>Sandal dari bahan spon EVA yang empuk, dengan lapisan dasar rubber sole anti selip, sehingga mampu memberikan kenyamanan dalam setiap langkah anda : SPONGEBOB size 30</p>',25000,17000,0.25,'de028f7a714acec0a82c290035a57b0c.jpg','de028f7a714acec0a82c290035a57b0c_thumb.jpg','URL','http://www.raenz.com/assets/images/product/e4090b7518fe0fb25f5f15017ff5f0c6.jpg',' http://www.raenz.com/assets/images/product/e4090b7518fe0fb25f5f15017ff5f0c6_thumb.jpg','YES','NO'),(5,2,'Size 32','<p>Sandal dari bahan spon EVA yang empuk, dengan lapisan dasar rubber sole anti selip, sehingga mampu memberikan kenyamanan dalam setiap langkah anda : SPONGEBOB size 32</p>',25000,17000,0.25,'7a7819155d56d9f32899a4b5c428e9ae.jpg','7a7819155d56d9f32899a4b5c428e9ae_thumb.jpg','URL','http://www.raenz.com/assets/images/product/e4090b7518fe0fb25f5f15017ff5f0c6.jpg','http://www.raenz.com/assets/images/product/e4090b7518fe0fb25f5f15017ff5f0c6_thumb.jpg','YES','NO'),(6,2,'Size 34','<p>Sandal dari bahan spon EVA yang empuk, dengan lapisan dasar rubber sole anti selip, sehingga mampu memberikan kenyamanan dalam setiap langkah anda : SPONGEBOB size 34</p>',25000,17000,0.25,'011ca9fb7918b1f6a16143b1702081a6.jpg','011ca9fb7918b1f6a16143b1702081a6_thumb.jpg','URL','http://www.raenz.com/assets/images/product/e4090b7518fe0fb25f5f15017ff5f0c6.jpg','http://www.raenz.com/assets/images/product/e4090b7518fe0fb25f5f15017ff5f0c6_thumb.jpg','YES','NO'),(7,2,'Size 36','<p>Sandal dari bahan spon EVA yang empuk, dengan lapisan dasar rubber sole anti selip, sehingga mampu memberikan kenyamanan dalam setiap langkah anda : SPONGEBOB size 36</p>',27000,18000,0.25,'ba61354c6a1e2f30548610bbbe11b0bc.jpg','ba61354c6a1e2f30548610bbbe11b0bc_thumb.jpg','URL','http://www.raenz.com/assets/images/product/e4090b7518fe0fb25f5f15017ff5f0c6.jpg','http://www.raenz.com/assets/images/product/e4090b7518fe0fb25f5f15017ff5f0c6_thumb.jpg','YES','NO'),(8,2,'Size 38','<p>Sandal dari bahan spon EVA yang empuk, dengan lapisan dasar rubber sole anti selip, sehingga mampu memberikan kenyamanan dalam setiap langkah anda : SPONGEBOB size 38</p>',27000,18000,0.25,'e79d3e5e16794617bd420d11b72c3758.jpg','e79d3e5e16794617bd420d11b72c3758_thumb.jpg','URL','http://www.raenz.com/assets/images/product/e4090b7518fe0fb25f5f15017ff5f0c6.jpg','http://www.raenz.com/assets/images/product/e4090b7518fe0fb25f5f15017ff5f0c6_thumb.jpg','YES','NO'),(9,2,'Size 40','<p>Sandal dari bahan spon EVA yang empuk, dengan lapisan dasar rubber sole anti selip, sehingga mampu memberikan kenyamanan dalam setiap langkah anda : SPONGEBOB size 40</p>',28000,19000,0.25,'e0cb2eb4c4f8117c8ccf9e24e5db56a2.jpg','e0cb2eb4c4f8117c8ccf9e24e5db56a2_thumb.jpg','URL','http://www.raenz.com/assets/images/product/e4090b7518fe0fb25f5f15017ff5f0c6.jpg','http://www.raenz.com/assets/images/product/e4090b7518fe0fb25f5f15017ff5f0c6_thumb.jpg','YES','NO'),(10,2,'Size 42','<p>Sandal dari bahan spon EVA yang empuk, dengan lapisan dasar rubber sole anti selip, sehingga mampu memberikan kenyamanan dalam setiap langkah anda : SPONGEBOB size 42</p>',28000,19000,0.25,'0aabe85f80086d0f8f39767ed0a01229.jpg','0aabe85f80086d0f8f39767ed0a01229_thumb.jpg','URL','http://www.raenz.com/assets/images/product/e4090b7518fe0fb25f5f15017ff5f0c6.jpg','http://www.raenz.com/assets/images/product/e4090b7518fe0fb25f5f15017ff5f0c6_thumb.jpg','YES','NO'),(11,4,'Size 21','<p>Sandal dari bahan spon EVA yang empuk, dengan lapisan dasar rubber sole anti selip, sehingga mampu memberikan kenyamanan dalam setiap langkah anda : NEMO MERAH size 21</p>',23000,16000,0.25,'c308392b76d4c46adf4d2241aaf48e3d.jpg','c308392b76d4c46adf4d2241aaf48e3d_thumb.jpg','FILE','','','YES','YES'),(12,4,'Size 24','<p>Sandal dari bahan spon EVA yang empuk, dengan lapisan dasar rubber sole anti selip, sehingga mampu memberikan kenyamanan dalam setiap langkah anda : NEMO MERAH size 24</p>',23000,16000,0.25,'c5301f6771b5d32559f7fdd27b4bc690.jpg','c5301f6771b5d32559f7fdd27b4bc690_thumb.jpg','URL','http://www.raenz.com/assets/images/product/c308392b76d4c46adf4d2241aaf48e3d.jpg','http://www.raenz.com/assets/images/product/c308392b76d4c46adf4d2241aaf48e3d_thumb.jpg','YES','NO'),(13,4,'Size 28','<p>Sandal dari bahan spon EVA yang empuk, dengan lapisan dasar rubber sole anti selip, sehingga mampu memberikan kenyamanan dalam setiap langkah anda : NEMO MERAH size 28</p>',23000,16000,0.25,'550dcacc78dff34e28622b64868d2932.jpg','550dcacc78dff34e28622b64868d2932_thumb.jpg','URL','http://www.raenz.com/assets/images/product/c308392b76d4c46adf4d2241aaf48e3d.jpg','http://www.raenz.com/assets/images/product/c308392b76d4c46adf4d2241aaf48e3d_thumb.jpg','YES','NO'),(15,4,'Size 32','<p>Sandal dari bahan spon EVA yang empuk, dengan lapisan dasar rubber sole anti selip, sehingga mampu memberikan kenyamanan dalam setiap langkah anda : NEMO MERAH size 32</p>',25000,17000,0.25,'c1b7935958bd02dd0652c5102f2bda5e.jpg','c1b7935958bd02dd0652c5102f2bda5e_thumb.jpg','URL','http://www.raenz.com/assets/images/product/c308392b76d4c46adf4d2241aaf48e3d.jpg','http://www.raenz.com/assets/images/product/c308392b76d4c46adf4d2241aaf48e3d_thumb.jpg','YES','NO'),(16,4,'Size 34','<p>Sandal dari bahan spon EVA yang empuk, dengan lapisan dasar rubber sole anti selip, sehingga mampu memberikan kenyamanan dalam setiap langkah anda : NEMO MERAH size 34</p>',25000,17000,0.25,'61e3863381d602b0fe2f47fcfbf51c6a.jpg','61e3863381d602b0fe2f47fcfbf51c6a_thumb.jpg','URL','http://www.raenz.com/assets/images/product/c308392b76d4c46adf4d2241aaf48e3d.jpg','http://www.raenz.com/assets/images/product/c308392b76d4c46adf4d2241aaf48e3d_thumb.jpg','YES','NO'),(18,4,'Size 38','<p>Sandal dari bahan spon EVA yang empuk, dengan lapisan dasar rubber sole anti selip, sehingga mampu memberikan kenyamanan dalam setiap langkah anda : NEMO MERAH size 38</p>',27000,18000,0.25,'14be86315b6beb262355d9d21097d6fe.jpg','14be86315b6beb262355d9d21097d6fe_thumb.jpg','URL','http://www.raenz.com/assets/images/product/c308392b76d4c46adf4d2241aaf48e3d.jpg','http://www.raenz.com/assets/images/product/c308392b76d4c46adf4d2241aaf48e3d_thumb.jpg','YES','NO'),(19,4,'Size 40','<p>Sandal dari bahan spon EVA yang empuk, dengan lapisan dasar rubber sole anti selip, sehingga mampu memberikan kenyamanan dalam setiap langkah anda : NEMO MERAH size 40</p>',28000,19000,0.25,'6e6c144db2feb08c4bde088979b50a7b.jpg','6e6c144db2feb08c4bde088979b50a7b_thumb.jpg','URL','http://www.raenz.com/assets/images/product/c308392b76d4c46adf4d2241aaf48e3d.jpg','http://www.raenz.com/assets/images/product/c308392b76d4c46adf4d2241aaf48e3d_thumb.jpg','YES','NO'),(22,5,'Size 24','<p>Sandal dari bahan spon EVA yang empuk, dengan lapisan dasar rubber sole anti selip, sehingga mampu memberikan kenyamanan dalam setiap langkah anda : LUMBA-LUMBA size 24</p>',23000,16000,0.25,'e7a57aa7cff8cd75d64d49f08d1b9ea3.jpg','e7a57aa7cff8cd75d64d49f08d1b9ea3_thumb.jpg','FILE','','','YES','YES'),(23,5,'Size 28','<p>Sandal dari bahan spon EVA yang empuk, dengan lapisan dasar rubber sole anti selip, sehingga mampu memberikan kenyamanan dalam setiap langkah anda : LUMBA-LUMBA size 28</p>',23000,16000,0.25,'e48373065ec6bc58189e62dd7a9316b5.jpg','e48373065ec6bc58189e62dd7a9316b5_thumb.jpg','URL','http://www.raenz.com/assets/images/product/e7a57aa7cff8cd75d64d49f08d1b9ea3.jpg','http://www.raenz.com/assets/images/product/e7a57aa7cff8cd75d64d49f08d1b9ea3_thumb.jpg','YES','NO'),(25,5,'Size 32','<p>Sandal dari bahan spon EVA yang empuk, dengan lapisan dasar rubber sole anti selip, sehingga mampu memberikan kenyamanan dalam setiap langkah anda : LUMBA-LUMBA size 32</p>',25000,17000,0.25,'f052d2bb7fb6fc501111a0a9f8d3b88c.jpg','f052d2bb7fb6fc501111a0a9f8d3b88c_thumb.jpg','URL','http://www.raenz.com/assets/images/product/e7a57aa7cff8cd75d64d49f08d1b9ea3.jpg','http://www.raenz.com/assets/images/product/e7a57aa7cff8cd75d64d49f08d1b9ea3_thumb.jpg','YES','NO'),(26,5,'Size 34','<p>Sandal dari bahan spon EVA yang empuk, dengan lapisan dasar rubber sole anti selip, sehingga mampu memberikan kenyamanan dalam setiap langkah anda : LUMBA-LUMBA size 34</p>',25000,17000,0.25,'557b3829d45af5d69619a60e3abeb255.jpg','557b3829d45af5d69619a60e3abeb255_thumb.jpg','URL','http://www.raenz.com/assets/images/product/e7a57aa7cff8cd75d64d49f08d1b9ea3.jpg','http://www.raenz.com/assets/images/product/e7a57aa7cff8cd75d64d49f08d1b9ea3_thumb.jpg','YES','NO'),(28,5,'Size 38','<p>Sandal dari bahan spon EVA yang empuk, dengan lapisan dasar rubber sole anti selip, sehingga mampu memberikan kenyamanan dalam setiap langkah anda : LUMBA-LUMBA size 38</p>',27000,18000,0.25,'ef3cb596a612d8ce1626e9d74b1f9cd8.jpg','ef3cb596a612d8ce1626e9d74b1f9cd8_thumb.jpg','URL','http://www.raenz.com/assets/images/product/e7a57aa7cff8cd75d64d49f08d1b9ea3.jpg','http://www.raenz.com/assets/images/product/e7a57aa7cff8cd75d64d49f08d1b9ea3_thumb.jpg','YES','NO'),(29,5,'Size 40','<p>Sandal dari bahan spon EVA yang empuk, dengan lapisan dasar rubber sole anti selip, sehingga mampu memberikan kenyamanan dalam setiap langkah anda : LUMBA-LUMBA size 40</p>',28000,19000,0.25,'a59d89ff0027bdc87617095e9012d9c8.jpg','a59d89ff0027bdc87617095e9012d9c8_thumb.jpg','URL','http://www.raenz.com/assets/images/product/e7a57aa7cff8cd75d64d49f08d1b9ea3.jpg','http://www.raenz.com/assets/images/product/e7a57aa7cff8cd75d64d49f08d1b9ea3_thumb.jpg','YES','NO'),(31,6,'Size 21','<p>Sandal dari bahan spon EVA yang empuk, dengan lapisan dasar rubber sole anti selip, sehingga mampu memberikan kenyamanan dalam setiap langkah anda : KODOK size 21</p>',23000,16000,0.25,'ab3dda3ae167ba0011eea33d2ec41f46.jpg','ab3dda3ae167ba0011eea33d2ec41f46_thumb.jpg','FILE','http://www.raenz.com/assets/images/product/ab3dda3ae167ba0011eea33d2ec41f46.jpg','http://www.raenz.com/assets/images/product/ab3dda3ae167ba0011eea33d2ec41f46_thumb.jpg','YES','YES'),(32,6,'Size 24','<p>Sandal dari bahan spon EVA yang empuk, dengan lapisan dasar rubber sole anti selip, sehingga mampu memberikan kenyamanan dalam setiap langkah anda : KODOK size 24</p>',23000,16000,0.25,'20e3f5ef32b92b85c8326abca13d8726.jpg','20e3f5ef32b92b85c8326abca13d8726_thumb.jpg','URL','http://www.raenz.com/assets/images/product/ab3dda3ae167ba0011eea33d2ec41f46.jpg','http://www.raenz.com/assets/images/product/ab3dda3ae167ba0011eea33d2ec41f46_thumb.jpg','YES','NO'),(33,6,'Size 28','<p>Sandal dari bahan spon EVA yang empuk, dengan lapisan dasar rubber sole anti selip, sehingga mampu memberikan kenyamanan dalam setiap langkah anda : KODOK size 28</p>',23000,16000,0.25,'9fbcb915229ffa107bc716b3d610eaae.jpg','9fbcb915229ffa107bc716b3d610eaae_thumb.jpg','URL','http://www.raenz.com/assets/images/product/ab3dda3ae167ba0011eea33d2ec41f46.jpg','http://www.raenz.com/assets/images/product/ab3dda3ae167ba0011eea33d2ec41f46_thumb.jpg','YES','NO'),(35,6,'Size 32','<p>Sandal dari bahan spon EVA yang empuk, dengan lapisan dasar rubber sole anti selip, sehingga mampu memberikan kenyamanan dalam setiap langkah anda : KODOK size 32</p>',25000,17000,0.25,'4b931725e4a977295151e335c95b8f81.jpg','4b931725e4a977295151e335c95b8f81_thumb.jpg','URL','http://www.raenz.com/assets/images/product/ab3dda3ae167ba0011eea33d2ec41f46.jpg','http://www.raenz.com/assets/images/product/ab3dda3ae167ba0011eea33d2ec41f46_thumb.jpg','YES','NO'),(38,6,'Size 38','<p>Sandal dari bahan spon EVA yang empuk, dengan lapisan dasar rubber sole anti selip, sehingga mampu memberikan kenyamanan dalam setiap langkah anda : KODOK size 38</p>',27000,18000,0.25,'6174a793bcf453c60e8f5c595435c014.jpg','6174a793bcf453c60e8f5c595435c014_thumb.jpg','URL','http://www.raenz.com/assets/images/product/ab3dda3ae167ba0011eea33d2ec41f46.jpg','http://www.raenz.com/assets/images/product/ab3dda3ae167ba0011eea33d2ec41f46_thumb.jpg','YES','NO'),(39,6,'Size 40','<p>Sandal dari bahan spon EVA yang empuk, dengan lapisan dasar rubber sole anti selip, sehingga mampu memberikan kenyamanan dalam setiap langkah anda : KODOK size 40</p>',28000,19000,0.25,'56b225f0edff0b76d1f40255359209a8.jpg','56b225f0edff0b76d1f40255359209a8_thumb.jpg','URL','http://www.raenz.com/assets/images/product/ab3dda3ae167ba0011eea33d2ec41f46.jpg','http://www.raenz.com/assets/images/product/ab3dda3ae167ba0011eea33d2ec41f46_thumb.jpg','YES','NO'),(40,6,'Size 42','<p>Sandal dari bahan spon EVA yang empuk, dengan lapisan dasar rubber sole anti selip, sehingga mampu memberikan kenyamanan dalam setiap langkah anda : KODOK size 42</p>',28000,19000,0.25,'72c5fd13d8d42fbed3413fe3a1127c2d.jpg','72c5fd13d8d42fbed3413fe3a1127c2d_thumb.jpg','URL','http://www.raenz.com/assets/images/product/ab3dda3ae167ba0011eea33d2ec41f46.jpg','http://www.raenz.com/assets/images/product/ab3dda3ae167ba0011eea33d2ec41f46_thumb.jpg','YES','NO'),(41,7,'Size 21','<p>Sandal dari bahan spon EVA yang empuk, dengan lapisan dasar rubber sole anti selip, sehingga mampu memberikan kenyamanan dalam setiap langkah anda : KOKOMEMEY size 21</p>',23000,16000,0.25,'5830bbc1d277528c0142622c63df3087.jpg','5830bbc1d277528c0142622c63df3087_thumb.jpg','FILE','http://www.raenz.com/assets/images/product/5830bbc1d277528c0142622c63df3087.jpg','http://www.raenz.com/assets/images/product/5830bbc1d277528c0142622c63df3087_thumb.jpg','YES','YES'),(42,7,'Size 24','<p>Sandal dari bahan spon EVA yang empuk, dengan lapisan dasar rubber sole anti selip, sehingga mampu memberikan kenyamanan dalam setiap langkah anda : KOKOMEMEY size 24</p>',23000,16000,0.25,'9a3ebf027af3983f3a97a83524b879b9.jpg','9a3ebf027af3983f3a97a83524b879b9_thumb.jpg','URL','http://www.raenz.com/assets/images/product/5830bbc1d277528c0142622c63df3087.jpg','http://www.raenz.com/assets/images/product/5830bbc1d277528c0142622c63df3087_thumb.jpg','YES','NO'),(43,7,'Size 28','<p>Sandal dari bahan spon EVA yang empuk, dengan lapisan dasar rubber sole anti selip, sehingga mampu memberikan kenyamanan dalam setiap langkah anda : KOKOMEMEY size 28</p>',23000,16000,0.25,'d9ee2843ffcd5fc1bfec843d690f1fa8.jpg','d9ee2843ffcd5fc1bfec843d690f1fa8_thumb.jpg','URL','http://www.raenz.com/assets/images/product/5830bbc1d277528c0142622c63df3087.jpg','http://www.raenz.com/assets/images/product/5830bbc1d277528c0142622c63df3087_thumb.jpg','YES','NO'),(44,7,'Size 30','<p>Sandal dari bahan spon EVA yang empuk, dengan lapisan dasar rubber sole anti selip, sehingga mampu memberikan kenyamanan dalam setiap langkah anda : KOKOMEMEY size 30</p>',25000,17000,0.25,'482a68a3d0d07e0f7e7746d48f3fb1ca.jpg','482a68a3d0d07e0f7e7746d48f3fb1ca_thumb.jpg','URL','http://www.raenz.com/assets/images/product/5830bbc1d277528c0142622c63df3087.jpg','http://www.raenz.com/assets/images/product/5830bbc1d277528c0142622c63df3087_thumb.jpg','YES','NO'),(45,7,'Size 32','<p>Sandal dari bahan spon EVA yang empuk, dengan lapisan dasar rubber sole anti selip, sehingga mampu memberikan kenyamanan dalam setiap langkah anda : KOKOMEMEY size 32</p>',25000,17000,0.25,'6469587dbf6a04b0dbd809a48365749f.jpg','6469587dbf6a04b0dbd809a48365749f_thumb.jpg','URL','http://www.raenz.com/assets/images/product/5830bbc1d277528c0142622c63df3087.jpg','http://www.raenz.com/assets/images/product/5830bbc1d277528c0142622c63df3087_thumb.jpg','YES','NO'),(46,7,'Size 34','<p>Sandal dari bahan spon EVA yang empuk, dengan lapisan dasar rubber sole anti selip, sehingga mampu memberikan kenyamanan dalam setiap langkah anda : KOKOMEMEY size 34</p>',25000,17000,0.25,'4f847cfc3b7142acd4ed7fdc81a68bf3.jpg','4f847cfc3b7142acd4ed7fdc81a68bf3_thumb.jpg','URL','http://www.raenz.com/assets/images/product/5830bbc1d277528c0142622c63df3087.jpg','http://www.raenz.com/assets/images/product/5830bbc1d277528c0142622c63df3087_thumb.jpg','YES','NO'),(47,7,'Size 36','<p>Sandal dari bahan spon EVA yang empuk, dengan lapisan dasar rubber sole anti selip, sehingga mampu memberikan kenyamanan dalam setiap langkah anda : KOKOMEMEY size 36</p>',27000,18000,0.25,'cd14c8b85122ed1987b231e23a3a44d2.jpg','cd14c8b85122ed1987b231e23a3a44d2_thumb.jpg','URL','http://www.raenz.com/assets/images/product/5830bbc1d277528c0142622c63df3087.jpg','http://www.raenz.com/assets/images/product/5830bbc1d277528c0142622c63df3087_thumb.jpg','YES','NO'),(48,7,'Size 38','<p>Sandal dari bahan spon EVA yang empuk, dengan lapisan dasar rubber sole anti selip, sehingga mampu memberikan kenyamanan dalam setiap langkah anda : KOKOMEMEY size 38</p>',27000,18000,0.25,'89f4d28217f5e8b2701767072da739ff.jpg','89f4d28217f5e8b2701767072da739ff_thumb.jpg','URL','http://www.raenz.com/assets/images/product/5830bbc1d277528c0142622c63df3087.jpg','http://www.raenz.com/assets/images/product/5830bbc1d277528c0142622c63df3087_thumb.jpg','YES','NO'),(49,7,'Size 40','<p>Sandal dari bahan spon EVA yang empuk, dengan lapisan dasar rubber sole anti selip, sehingga mampu memberikan kenyamanan dalam setiap langkah anda : KOKOMEMEY size 40</p>',28000,19000,0.25,'9f67d3f438a202381268e2a13ac4debb.jpg','9f67d3f438a202381268e2a13ac4debb_thumb.jpg','URL','http://www.raenz.com/assets/images/product/5830bbc1d277528c0142622c63df3087.jpg','http://www.raenz.com/assets/images/product/5830bbc1d277528c0142622c63df3087_thumb.jpg','YES','NO'),(52,8,'Size 24','<p>Sandal dari bahan spon EVA yang empuk, dengan lapisan dasar rubber sole anti selip, sehingga mampu memberikan kenyamanan dalam setiap langkah anda : HUDSONJESSICA size 24</p>',23000,16000,0.25,'c0572867ffdcefb26df320d128fa6984.jpg','c0572867ffdcefb26df320d128fa6984_thumb.jpg','FILE','http://www.raenz.com/assets/images/product/c0572867ffdcefb26df320d128fa6984.jpg','http://www.raenz.com/assets/images/product/c0572867ffdcefb26df320d128fa6984_thumb.jpg','YES','YES'),(53,8,'Size 28','<p>Sandal dari bahan spon EVA yang empuk, dengan lapisan dasar rubber sole anti selip, sehingga mampu memberikan kenyamanan dalam setiap langkah anda : HUDSONJESSICA size 28</p>',23000,16000,0.25,'b6b19631f4925f165f72542a86929db8.jpg','b6b19631f4925f165f72542a86929db8_thumb.jpg','URL','http://www.raenz.com/assets/images/product/c0572867ffdcefb26df320d128fa6984.jpg','http://www.raenz.com/assets/images/product/c0572867ffdcefb26df320d128fa6984_thumb.jpg','YES','NO'),(54,8,'Size 30','<p>Sandal dari bahan spon EVA yang empuk, dengan lapisan dasar rubber sole anti selip, sehingga mampu memberikan kenyamanan dalam setiap langkah anda : HUDSONJESSICA size 30</p>',25000,17000,0.25,'4e53b7c1a96c6b0aab655477dd3c5938.jpg','4e53b7c1a96c6b0aab655477dd3c5938_thumb.jpg','URL','http://www.raenz.com/assets/images/product/c0572867ffdcefb26df320d128fa6984.jpg','http://www.raenz.com/assets/images/product/c0572867ffdcefb26df320d128fa6984_thumb.jpg','YES','NO'),(55,8,'Size 32','<p>Sandal dari bahan spon EVA yang empuk, dengan lapisan dasar rubber sole anti selip, sehingga mampu memberikan kenyamanan dalam setiap langkah anda : HUDSONJESSICA size 32</p>',25000,17000,0.25,'63fa313f2d36ffb61611a783a763ece8.jpg','63fa313f2d36ffb61611a783a763ece8_thumb.jpg','URL','http://www.raenz.com/assets/images/product/c0572867ffdcefb26df320d128fa6984.jpg','http://www.raenz.com/assets/images/product/c0572867ffdcefb26df320d128fa6984_thumb.jpg','YES','NO'),(56,8,'Size 34','<p>Sandal dari bahan spon EVA yang empuk, dengan lapisan dasar rubber sole anti selip, sehingga mampu memberikan kenyamanan dalam setiap langkah anda : HUDSONJESSICA size 34</p>',25000,17000,0.25,'9d200de98da606d70f6d75d946f3ff24.jpg','9d200de98da606d70f6d75d946f3ff24_thumb.jpg','URL','http://www.raenz.com/assets/images/product/c0572867ffdcefb26df320d128fa6984.jpg','http://www.raenz.com/assets/images/product/c0572867ffdcefb26df320d128fa6984_thumb.jpg','YES','NO'),(57,8,'Size 36','<p>Sandal dari bahan spon EVA yang empuk, dengan lapisan dasar rubber sole anti selip, sehingga mampu memberikan kenyamanan dalam setiap langkah anda : HUDSONJESSICA size 36</p>',27000,18000,0.25,'336dec95ab965e0c2377dc782fee0ed1.jpg','336dec95ab965e0c2377dc782fee0ed1_thumb.jpg','URL','http://www.raenz.com/assets/images/product/c0572867ffdcefb26df320d128fa6984.jpg','http://www.raenz.com/assets/images/product/c0572867ffdcefb26df320d128fa6984_thumb.jpg','YES','NO'),(58,8,'Size 38','<p>Sandal dari bahan spon EVA yang empuk, dengan lapisan dasar rubber sole anti selip, sehingga mampu memberikan kenyamanan dalam setiap langkah anda : HUDSONJESSICA size 38</p>',27000,18000,0.25,'0d7b640611133876b6f79630c7616439.jpg','0d7b640611133876b6f79630c7616439_thumb.jpg','URL','http://www.raenz.com/assets/images/product/c0572867ffdcefb26df320d128fa6984.jpg','http://www.raenz.com/assets/images/product/c0572867ffdcefb26df320d128fa6984_thumb.jpg','YES','NO'),(59,8,'Size 40','<p>Sandal dari bahan spon EVA yang empuk, dengan lapisan dasar rubber sole anti selip, sehingga mampu memberikan kenyamanan dalam setiap langkah anda : HUDSONJESSICA size 40</p>',28000,19000,0.25,'6cd994ab025c20e3bf0cc5cabea19729.jpg','6cd994ab025c20e3bf0cc5cabea19729_thumb.jpg','URL','http://www.raenz.com/assets/images/product/c0572867ffdcefb26df320d128fa6984.jpg','http://www.raenz.com/assets/images/product/c0572867ffdcefb26df320d128fa6984_thumb.jpg','YES','NO'),(67,9,'Size 36','<p>Sandal dari bahan spon EVA yang empuk, dengan lapisan dasar rubber sole anti selip, sehingga mampu memberikan kenyamanan dalam setiap langkah anda : OSHINJEPANG size 36</p>',27000,18000,0.25,'d8429ed4f3f1e58b41e91437a7fd6c82.jpg','d8429ed4f3f1e58b41e91437a7fd6c82_thumb.jpg','FILE','http://www.raenz.com/assets/images/product/d8429ed4f3f1e58b41e91437a7fd6c82.jpg','http://www.raenz.com/assets/images/product/d8429ed4f3f1e58b41e91437a7fd6c82_thumb.jpg','YES','YES'),(68,9,'Size 38','<p>Sandal dari bahan spon EVA yang empuk, dengan lapisan dasar rubber sole anti selip, sehingga mampu memberikan kenyamanan dalam setiap langkah anda : OSHINJEPANG size 38</p>',27000,18000,0.25,'2dfc68f1ffd236fbc2b9f31de68a45c1.jpg','2dfc68f1ffd236fbc2b9f31de68a45c1_thumb.jpg','URL','http://www.raenz.com/assets/images/product/d8429ed4f3f1e58b41e91437a7fd6c82.jpg','http://www.raenz.com/assets/images/product/d8429ed4f3f1e58b41e91437a7fd6c82_thumb.jpg','YES','NO'),(69,9,'Size 40','<p>Sandal dari bahan spon EVA yang empuk, dengan lapisan dasar rubber sole anti selip, sehingga mampu memberikan kenyamanan dalam setiap langkah anda : OSHINJEPANG size 40</p>',28000,19000,0.25,'e80166ba7b653166bd4c475a9dab541a.jpg','e80166ba7b653166bd4c475a9dab541a_thumb.jpg','URL','http://www.raenz.com/assets/images/product/d8429ed4f3f1e58b41e91437a7fd6c82.jpg','http://www.raenz.com/assets/images/product/d8429ed4f3f1e58b41e91437a7fd6c82_thumb.jpg','YES','NO'),(72,10,'Size 24','<p>Sandal dari bahan spon EVA yang empuk, dengan lapisan dasar rubber sole anti selip, sehingga mampu memberikan kenyamanan dalam setiap langkah anda : MARIOBROS size 24</p>',23000,16000,0.25,'f5b24d5d4a422ac7b282e49f230b1bdc.jpg','f5b24d5d4a422ac7b282e49f230b1bdc_thumb.jpg','FILE','http://www.raenz.com/assets/images/product/f5b24d5d4a422ac7b282e49f230b1bdc.jpg','http://www.raenz.com/assets/images/product/f5b24d5d4a422ac7b282e49f230b1bdc_thumb.jpg','YES','YES'),(73,10,'Size 28','<p>Sandal dari bahan spon EVA yang empuk, dengan lapisan dasar rubber sole anti selip, sehingga mampu memberikan kenyamanan dalam setiap langkah anda : MARIOBROS size 28</p>',23000,16000,0.25,'c4a2487275d52d89e970a7a24c379ca7.jpg','c4a2487275d52d89e970a7a24c379ca7_thumb.jpg','URL','http://www.raenz.com/assets/images/product/f5b24d5d4a422ac7b282e49f230b1bdc.jpg','http://www.raenz.com/assets/images/product/f5b24d5d4a422ac7b282e49f230b1bdc_thumb.jpg','YES','NO'),(74,10,'Size 30','<p>Sandal dari bahan spon EVA yang empuk, dengan lapisan dasar rubber sole anti selip, sehingga mampu memberikan kenyamanan dalam setiap langkah anda : MARIOBROS size 30</p>',25000,17000,0.25,'4dbe0704acf4ee4a67b331607d2d27af.jpg','4dbe0704acf4ee4a67b331607d2d27af_thumb.jpg','URL','http://www.raenz.com/assets/images/product/f5b24d5d4a422ac7b282e49f230b1bdc.jpg','http://www.raenz.com/assets/images/product/f5b24d5d4a422ac7b282e49f230b1bdc_thumb.jpg','YES','NO'),(75,10,'Size 32','<p>Sandal dari bahan spon EVA yang empuk, dengan lapisan dasar rubber sole anti selip, sehingga mampu memberikan kenyamanan dalam setiap langkah anda : MARIOBROS size 32</p>',25000,17000,0.25,'04e82a2022921f14ef09e7cd60c9ac55.jpg','04e82a2022921f14ef09e7cd60c9ac55_thumb.jpg','URL','http://www.raenz.com/assets/images/product/f5b24d5d4a422ac7b282e49f230b1bdc.jpg','http://www.raenz.com/assets/images/product/f5b24d5d4a422ac7b282e49f230b1bdc_thumb.jpg','YES','NO'),(76,10,'Size 34','<p>Sandal dari bahan spon EVA yang empuk, dengan lapisan dasar rubber sole anti selip, sehingga mampu memberikan kenyamanan dalam setiap langkah anda : MARIOBROS size 34</p>',25000,17000,0.25,'d654b09b421e6d5f97d98d8e16dee985.jpg','d654b09b421e6d5f97d98d8e16dee985_thumb.jpg','URL','http://www.raenz.com/assets/images/product/f5b24d5d4a422ac7b282e49f230b1bdc.jpg','http://www.raenz.com/assets/images/product/f5b24d5d4a422ac7b282e49f230b1bdc_thumb.jpg','YES','NO'),(77,10,'Size 36','<p>Sandal dari bahan spon EVA yang empuk, dengan lapisan dasar rubber sole anti selip, sehingga mampu memberikan kenyamanan dalam setiap langkah anda : MARIOBROS size 36</p>',27000,18000,0.25,'06c76e93ec640c18ad8ff10b6fedc246.jpg','06c76e93ec640c18ad8ff10b6fedc246_thumb.jpg','URL','http://www.raenz.com/assets/images/product/f5b24d5d4a422ac7b282e49f230b1bdc.jpg','http://www.raenz.com/assets/images/product/f5b24d5d4a422ac7b282e49f230b1bdc_thumb.jpg','YES','NO'),(78,10,'Size 38','<p>Sandal dari bahan spon EVA yang empuk, dengan lapisan dasar rubber sole anti selip, sehingga mampu memberikan kenyamanan dalam setiap langkah anda : MARIOBROS size 38</p>',27000,18000,0.25,'0d9b1878762e22fa99692218ffbe7f07.jpg','0d9b1878762e22fa99692218ffbe7f07_thumb.jpg','URL','http://www.raenz.com/assets/images/product/f5b24d5d4a422ac7b282e49f230b1bdc.jpg','http://www.raenz.com/assets/images/product/f5b24d5d4a422ac7b282e49f230b1bdc_thumb.jpg','YES','NO'),(79,10,'Size 40','<p>Sandal dari bahan spon EVA yang empuk, dengan lapisan dasar rubber sole anti selip, sehingga mampu memberikan kenyamanan dalam setiap langkah anda : MARIOBROS size 40</p>',28000,19000,0.25,'aa9677270c6d99e3481493c1ad3e12bf.jpg','aa9677270c6d99e3481493c1ad3e12bf_thumb.jpg','URL','http://www.raenz.com/assets/images/product/f5b24d5d4a422ac7b282e49f230b1bdc.jpg','http://www.raenz.com/assets/images/product/f5b24d5d4a422ac7b282e49f230b1bdc_thumb.jpg','YES','NO'),(80,10,'Size 42','<p>Sandal dari bahan spon EVA yang empuk, dengan lapisan dasar rubber sole anti selip, sehingga mampu memberikan kenyamanan dalam setiap langkah anda : MARIOBROS size 42</p>',28000,19000,0.25,'d367a77bddb89f8dc81b02fd14c7db9a.jpg','d367a77bddb89f8dc81b02fd14c7db9a_thumb.jpg','URL','http://www.raenz.com/assets/images/product/f5b24d5d4a422ac7b282e49f230b1bdc.jpg','http://www.raenz.com/assets/images/product/f5b24d5d4a422ac7b282e49f230b1bdc_thumb.jpg','YES','NO'),(82,11,'Size 24','<p>Sandal dari bahan spon EVA yang empuk, dengan lapisan dasar rubber sole anti selip, sehingga mampu memberikan kenyamanan dalam setiap langkah anda : GEORGE MONYET size 24</p>',23000,16000,0.25,'ab0959ce1dd328f9aa1588e37271f838.jpg','ab0959ce1dd328f9aa1588e37271f838_thumb.jpg','FILE','http://www.raenz.com/assets/images/product/ab0959ce1dd328f9aa1588e37271f838.jpg','http://www.raenz.com/assets/images/product/ab0959ce1dd328f9aa1588e37271f838_thumb.jpg','YES','YES'),(83,11,'Size 28','<p>Sandal dari bahan spon EVA yang empuk, dengan lapisan dasar rubber sole anti selip, sehingga mampu memberikan kenyamanan dalam setiap langkah anda : GEORGE MONYET size 28</p>',23000,16000,0.25,'d2f01fb105e3e34b899d817d341b749f.jpg','d2f01fb105e3e34b899d817d341b749f_thumb.jpg','URL','http://www.raenz.com/assets/images/product/ab0959ce1dd328f9aa1588e37271f838.jpg','http://www.raenz.com/assets/images/product/ab0959ce1dd328f9aa1588e37271f838_thumb.jpg','YES','NO'),(84,11,'Size 30','<p>Sandal dari bahan spon EVA yang empuk, dengan lapisan dasar rubber sole anti selip, sehingga mampu memberikan kenyamanan dalam setiap langkah anda : GEORGE MONYET size 30</p>',25000,17000,0.25,'b8e75d56172fdcd8d5c5daa55a42644e.jpg','b8e75d56172fdcd8d5c5daa55a42644e_thumb.jpg','URL','http://www.raenz.com/assets/images/product/ab0959ce1dd328f9aa1588e37271f838.jpg','http://www.raenz.com/assets/images/product/ab0959ce1dd328f9aa1588e37271f838_thumb.jpg','YES','NO'),(85,11,'Size 32','<p>Sandal dari bahan spon EVA yang empuk, dengan lapisan dasar rubber sole anti selip, sehingga mampu memberikan kenyamanan dalam setiap langkah anda : GEORGE MONYET size 32</p>',25000,17000,0.25,'37e3bf837d1f909e9869b6ff444e23cd.jpg','37e3bf837d1f909e9869b6ff444e23cd_thumb.jpg','URL','http://www.raenz.com/assets/images/product/ab0959ce1dd328f9aa1588e37271f838.jpg','http://www.raenz.com/assets/images/product/ab0959ce1dd328f9aa1588e37271f838_thumb.jpg','YES','NO'),(86,11,'Size 34','<p>Sandal dari bahan spon EVA yang empuk, dengan lapisan dasar rubber sole anti selip, sehingga mampu memberikan kenyamanan dalam setiap langkah anda : GEORGE MONYET size 34</p>',25000,17000,0.25,'c3a42209814120802369dc949a5721cc.jpg','c3a42209814120802369dc949a5721cc_thumb.jpg','URL','http://www.raenz.com/assets/images/product/ab0959ce1dd328f9aa1588e37271f838.jpg','http://www.raenz.com/assets/images/product/ab0959ce1dd328f9aa1588e37271f838_thumb.jpg','YES','NO'),(87,11,'Size 36','<p>Sandal dari bahan spon EVA yang empuk, dengan lapisan dasar rubber sole anti selip, sehingga mampu memberikan kenyamanan dalam setiap langkah anda : GEORGE MONYET size 36</p>',27000,18000,0.25,'28845877ba3caa2801a87cdd36971aec.jpg','28845877ba3caa2801a87cdd36971aec_thumb.jpg','URL','http://www.raenz.com/assets/images/product/ab0959ce1dd328f9aa1588e37271f838.jpg','http://www.raenz.com/assets/images/product/ab0959ce1dd328f9aa1588e37271f838_thumb.jpg','YES','NO'),(88,11,'Size 38','<p>Sandal dari bahan spon EVA yang empuk, dengan lapisan dasar rubber sole anti selip, sehingga mampu memberikan kenyamanan dalam setiap langkah anda : GEORGE MONYET size 38</p>',27000,18000,0.25,'1a9f43eee3e1c3629b5f0a50a9fede16.jpg','1a9f43eee3e1c3629b5f0a50a9fede16_thumb.jpg','URL','http://www.raenz.com/assets/images/product/ab0959ce1dd328f9aa1588e37271f838.jpg','http://www.raenz.com/assets/images/product/ab0959ce1dd328f9aa1588e37271f838_thumb.jpg','YES','NO'),(89,11,'Size 40','<p>Sandal dari bahan spon EVA yang empuk, dengan lapisan dasar rubber sole anti selip, sehingga mampu memberikan kenyamanan dalam setiap langkah anda : GEORGE MONYET size 40</p>',28000,19000,0.25,'00b5ed72b85a5f4c46cad7b806348779.jpg','00b5ed72b85a5f4c46cad7b806348779_thumb.jpg','URL','http://www.raenz.com/assets/images/product/ab0959ce1dd328f9aa1588e37271f838.jpg','http://www.raenz.com/assets/images/product/ab0959ce1dd328f9aa1588e37271f838_thumb.jpg','YES','NO'),(90,11,'Size 42','<p>Sandal dari bahan spon EVA yang empuk, dengan lapisan dasar rubber sole anti selip, sehingga mampu memberikan kenyamanan dalam setiap langkah anda : GEORGE MONYET size 42</p>',28000,19000,0.25,'93faa2fc76684e1fde7ffe820beb21df.jpg','93faa2fc76684e1fde7ffe820beb21df_thumb.jpg','URL','http://www.raenz.com/assets/images/product/ab0959ce1dd328f9aa1588e37271f838.jpg','http://www.raenz.com/assets/images/product/ab0959ce1dd328f9aa1588e37271f838_thumb.jpg','YES','NO'),(91,12,'Size 21','<p>Sandal dari bahan spon EVA yang empuk, dengan lapisan dasar rubber sole anti selip, sehingga mampu memberikan kenyamanan dalam setiap langkah anda : MICKEY MOUSE size 21</p>',23000,16000,0.25,'9e9fc60d6dcc96fd8a706075c3b3583a.jpg','9e9fc60d6dcc96fd8a706075c3b3583a_thumb.jpg','FILE','http://www.raenz.com/assets/images/product/9e9fc60d6dcc96fd8a706075c3b3583a.jpg','http://www.raenz.com/assets/images/product/9e9fc60d6dcc96fd8a706075c3b3583a_thumb.jpg','YES','YES'),(92,12,'Size 24','<p>Sandal dari bahan spon EVA yang empuk, dengan lapisan dasar rubber sole anti selip, sehingga mampu memberikan kenyamanan dalam setiap langkah anda : MICKEY MOUSE size 24</p>',23000,16000,0.25,'3d0a25e8ea94d84e21cb06d591613ca0.jpg','3d0a25e8ea94d84e21cb06d591613ca0_thumb.jpg','URL','http://www.raenz.com/assets/images/product/9e9fc60d6dcc96fd8a706075c3b3583a.jpg','http://www.raenz.com/assets/images/product/9e9fc60d6dcc96fd8a706075c3b3583a_thumb.jpg','YES','NO'),(93,12,'Size 28','<p>Sandal dari bahan spon EVA yang empuk, dengan lapisan dasar rubber sole anti selip, sehingga mampu memberikan kenyamanan dalam setiap langkah anda : MICKEY MOUSE size 28</p>',23000,16000,0.25,'5369e09bb7d6ec322093cde15449b46f.jpg','5369e09bb7d6ec322093cde15449b46f_thumb.jpg','URL','http://www.raenz.com/assets/images/product/9e9fc60d6dcc96fd8a706075c3b3583a.jpg','http://www.raenz.com/assets/images/product/9e9fc60d6dcc96fd8a706075c3b3583a_thumb.jpg','YES','NO'),(94,12,'Size 30','<p>Sandal dari bahan spon EVA yang empuk, dengan lapisan dasar rubber sole anti selip, sehingga mampu memberikan kenyamanan dalam setiap langkah anda : MICKEY MOUSE size 30</p>',25000,17000,0.25,'b730d949727a7ed2d839c78c5be8015e.jpg','b730d949727a7ed2d839c78c5be8015e_thumb.jpg','URL','http://www.raenz.com/assets/images/product/9e9fc60d6dcc96fd8a706075c3b3583a.jpg','http://www.raenz.com/assets/images/product/9e9fc60d6dcc96fd8a706075c3b3583a_thumb.jpg','YES','NO'),(95,12,'Size 32','<p>Sandal dari bahan spon EVA yang empuk, dengan lapisan dasar rubber sole anti selip, sehingga mampu memberikan kenyamanan dalam setiap langkah anda : MICKEY MOUSE size 32</p>',25000,17000,0.25,'abd26d707cc67928a69c2a5731a6b676.jpg','abd26d707cc67928a69c2a5731a6b676_thumb.jpg','URL','http://www.raenz.com/assets/images/product/9e9fc60d6dcc96fd8a706075c3b3583a.jpg','http://www.raenz.com/assets/images/product/9e9fc60d6dcc96fd8a706075c3b3583a_thumb.jpg','YES','NO'),(96,12,'Size 34','<p>Sandal dari bahan spon EVA yang empuk, dengan lapisan dasar rubber sole anti selip, sehingga mampu memberikan kenyamanan dalam setiap langkah anda : MICKEY MOUSE size 34</p>',25000,17000,0.25,'c773c3841e78eca829fd9153db0b1d8a.jpg','c773c3841e78eca829fd9153db0b1d8a_thumb.jpg','URL','http://www.raenz.com/assets/images/product/9e9fc60d6dcc96fd8a706075c3b3583a.jpg','http://www.raenz.com/assets/images/product/9e9fc60d6dcc96fd8a706075c3b3583a_thumb.jpg','YES','NO'),(97,12,'Size 36','<p>Sandal dari bahan spon EVA yang empuk, dengan lapisan dasar rubber sole anti selip, sehingga mampu memberikan kenyamanan dalam setiap langkah anda : MICKEY MOUSE size 36</p>',27000,18000,0.25,'f1e9eb9a83331db1c5dd23f2ec044659.jpg','f1e9eb9a83331db1c5dd23f2ec044659_thumb.jpg','URL','http://www.raenz.com/assets/images/product/9e9fc60d6dcc96fd8a706075c3b3583a.jpg','http://www.raenz.com/assets/images/product/9e9fc60d6dcc96fd8a706075c3b3583a_thumb.jpg','YES','NO'),(98,12,'Size 38','<p>Sandal dari bahan spon EVA yang empuk, dengan lapisan dasar rubber sole anti selip, sehingga mampu memberikan kenyamanan dalam setiap langkah anda : MICKEY MOUSE size 38</p>',27000,18000,0.25,'3cfa4de0857574bf0e14e93e502c3441.jpg','3cfa4de0857574bf0e14e93e502c3441_thumb.jpg','URL','http://www.raenz.com/assets/images/product/9e9fc60d6dcc96fd8a706075c3b3583a.jpg','http://www.raenz.com/assets/images/product/9e9fc60d6dcc96fd8a706075c3b3583a_thumb.jpg','YES','NO'),(99,12,'Size 40','<p>Sandal dari bahan spon EVA yang empuk, dengan lapisan dasar rubber sole anti selip, sehingga mampu memberikan kenyamanan dalam setiap langkah anda : MICKEY MOUSE size 40</p>',28000,19000,0.25,'0e5a025d20432c35e6cd6ae97149edb6.jpg','0e5a025d20432c35e6cd6ae97149edb6_thumb.jpg','URL','http://www.raenz.com/assets/images/product/9e9fc60d6dcc96fd8a706075c3b3583a.jpg','http://www.raenz.com/assets/images/product/9e9fc60d6dcc96fd8a706075c3b3583a_thumb.jpg','YES','NO'),(100,12,'Size 42','<p>Sandal dari bahan spon EVA yang empuk, dengan lapisan dasar rubber sole anti selip, sehingga mampu memberikan kenyamanan dalam setiap langkah anda : MICKEY MOUSE size 42</p>',28000,19000,0.25,'82a8c211f70734655cbe633e2bb7dc86.jpg','82a8c211f70734655cbe633e2bb7dc86_thumb.jpg','URL','http://www.raenz.com/assets/images/product/9e9fc60d6dcc96fd8a706075c3b3583a.jpg','http://www.raenz.com/assets/images/product/9e9fc60d6dcc96fd8a706075c3b3583a_thumb.jpg','YES','NO'),(101,13,'Size 21','<p>Sandal dari bahan spon EVA yang empuk, dengan lapisan dasar rubber sole anti selip, sehingga mampu memberikan kenyamanan dalam setiap langkah anda : SHAUN SHEEP size 21</p>',23000,16000,0.25,'3bbf32ca2e426e4a9fa6b6376420213e.jpg','3bbf32ca2e426e4a9fa6b6376420213e_thumb.jpg','FILE','http://www.raenz.com/assets/images/product/3bbf32ca2e426e4a9fa6b6376420213e.jpg','http://www.raenz.com/assets/images/product/3bbf32ca2e426e4a9fa6b6376420213e_thumb.jpg','YES','YES'),(102,13,'Size 24','<p>Sandal dari bahan spon EVA yang empuk, dengan lapisan dasar rubber sole anti selip, sehingga mampu memberikan kenyamanan dalam setiap langkah anda : SHAUN SHEEP size 24</p>',23000,16000,0.25,'64c13f08db4a25c75f3c3927d6a1e061.jpg','64c13f08db4a25c75f3c3927d6a1e061_thumb.jpg','URL','http://www.raenz.com/assets/images/product/3bbf32ca2e426e4a9fa6b6376420213e.jpg','http://www.raenz.com/assets/images/product/3bbf32ca2e426e4a9fa6b6376420213e_thumb.jpg','YES','NO'),(103,13,'Size 28','<p>Sandal dari bahan spon EVA yang empuk, dengan lapisan dasar rubber sole anti selip, sehingga mampu memberikan kenyamanan dalam setiap langkah anda : SHAUN SHEEP size 28</p>',23000,16000,0.25,'ffa46d11009cb7b1583eb2ff4b400c5f.jpg','ffa46d11009cb7b1583eb2ff4b400c5f_thumb.jpg','URL','http://www.raenz.com/assets/images/product/3bbf32ca2e426e4a9fa6b6376420213e.jpg','http://www.raenz.com/assets/images/product/3bbf32ca2e426e4a9fa6b6376420213e_thumb.jpg','YES','NO'),(104,13,'Size 30','<p>Sandal dari bahan spon EVA yang empuk, dengan lapisan dasar rubber sole anti selip, sehingga mampu memberikan kenyamanan dalam setiap langkah anda : SHAUN SHEEP size 30</p>',25000,17000,0.25,'2d30701e8679ffed14744296654be960.jpg','2d30701e8679ffed14744296654be960_thumb.jpg','URL','http://www.raenz.com/assets/images/product/3bbf32ca2e426e4a9fa6b6376420213e.jpg','http://www.raenz.com/assets/images/product/3bbf32ca2e426e4a9fa6b6376420213e_thumb.jpg','YES','NO'),(105,13,'Size 32','<p>Sandal dari bahan spon EVA yang empuk, dengan lapisan dasar rubber sole anti selip, sehingga mampu memberikan kenyamanan dalam setiap langkah anda : SHAUN SHEEP size 32</p>',25000,17000,0.25,'4fe393443517fc67daf17bcc2b39a573.jpg','4fe393443517fc67daf17bcc2b39a573_thumb.jpg','URL','http://www.raenz.com/assets/images/product/3bbf32ca2e426e4a9fa6b6376420213e.jpg','http://www.raenz.com/assets/images/product/3bbf32ca2e426e4a9fa6b6376420213e_thumb.jpg','YES','NO'),(106,13,'Size 34','<p>Sandal dari bahan spon EVA yang empuk, dengan lapisan dasar rubber sole anti selip, sehingga mampu memberikan kenyamanan dalam setiap langkah anda : SHAUN SHEEP size 34</p>',25000,17000,0.25,'36ae11742285a1e89fae19add7fa8135.jpg','36ae11742285a1e89fae19add7fa8135_thumb.jpg','URL','http://www.raenz.com/assets/images/product/3bbf32ca2e426e4a9fa6b6376420213e.jpg','http://www.raenz.com/assets/images/product/3bbf32ca2e426e4a9fa6b6376420213e_thumb.jpg','YES','NO'),(107,13,'Size 36','<p>Sandal dari bahan spon EVA yang empuk, dengan lapisan dasar rubber sole anti selip, sehingga mampu memberikan kenyamanan dalam setiap langkah anda : SHAUN SHEEP size 36</p>',27000,18000,0.25,'43aee24c9d59d7467dc0a9091606dd20.jpg','43aee24c9d59d7467dc0a9091606dd20_thumb.jpg','URL','http://www.raenz.com/assets/images/product/3bbf32ca2e426e4a9fa6b6376420213e.jpg','http://www.raenz.com/assets/images/product/3bbf32ca2e426e4a9fa6b6376420213e_thumb.jpg','YES','NO'),(108,13,'Size 38','<p>Sandal dari bahan spon EVA yang empuk, dengan lapisan dasar rubber sole anti selip, sehingga mampu memberikan kenyamanan dalam setiap langkah anda : SHAUN SHEEP size 38</p>',27000,18000,0.25,'db117c61aab0900ce5f14c6ece56e1a0.jpg','db117c61aab0900ce5f14c6ece56e1a0_thumb.jpg','URL','http://www.raenz.com/assets/images/product/3bbf32ca2e426e4a9fa6b6376420213e.jpg','http://www.raenz.com/assets/images/product/3bbf32ca2e426e4a9fa6b6376420213e_thumb.jpg','YES','NO'),(109,13,'Size 40','<p>Sandal dari bahan spon EVA yang empuk, dengan lapisan dasar rubber sole anti selip, sehingga mampu memberikan kenyamanan dalam setiap langkah anda : SHAUN SHEEP size 40</p>',28000,19000,0.25,'9a7bb5dd15b72ec2f82946b81ad3b310.jpg','9a7bb5dd15b72ec2f82946b81ad3b310_thumb.jpg','URL','http://www.raenz.com/assets/images/product/3bbf32ca2e426e4a9fa6b6376420213e.jpg','http://www.raenz.com/assets/images/product/3bbf32ca2e426e4a9fa6b6376420213e_thumb.jpg','YES','NO'),(110,13,'Size 42','<p>Sandal dari bahan spon EVA yang empuk, dengan lapisan dasar rubber sole anti selip, sehingga mampu memberikan kenyamanan dalam setiap langkah anda : SHAUN SHEEP size 42</p>',28000,19000,0.25,'4e56c143a85502554d38d0c9397be370.jpg','4e56c143a85502554d38d0c9397be370_thumb.jpg','URL','http://www.raenz.com/assets/images/product/3bbf32ca2e426e4a9fa6b6376420213e.jpg','http://www.raenz.com/assets/images/product/3bbf32ca2e426e4a9fa6b6376420213e_thumb.jpg','YES','NO'),(111,14,'Size 21','<p>Sandal dari bahan spon EVA yang empuk, dengan lapisan dasar rubber sole anti selip, sehingga mampu memberikan kenyamanan dalam setiap langkah anda : ANGRY BIRD size 21</p>',23000,16000,0.25,'543111b4649f79423c4bde748987b764.jpg','543111b4649f79423c4bde748987b764_thumb.jpg','FILE','http://www.raenz.com/assets/images/product/543111b4649f79423c4bde748987b764.jpg','http://www.raenz.com/assets/images/product/543111b4649f79423c4bde748987b764_thumb.jpg','YES','YES'),(112,14,'Size 24','<p>Sandal dari bahan spon EVA yang empuk, dengan lapisan dasar rubber sole anti selip, sehingga mampu memberikan kenyamanan dalam setiap langkah anda : ANGRY BIRD size 24</p>',23000,16000,0.25,'8080cb1812bc4d18b4f1b58acb8d9491.jpg','8080cb1812bc4d18b4f1b58acb8d9491_thumb.jpg','URL','http://www.raenz.com/assets/images/product/543111b4649f79423c4bde748987b764.jpg','http://www.raenz.com/assets/images/product/543111b4649f79423c4bde748987b764_thumb.jpg','YES','NO'),(113,14,'Size 28','<p>Sandal dari bahan spon EVA yang empuk, dengan lapisan dasar rubber sole anti selip, sehingga mampu memberikan kenyamanan dalam setiap langkah anda : ANGRY BIRD size 28</p>',23000,16000,0.25,'8299a5a063087ed11474453cfb4e3874.jpg','8299a5a063087ed11474453cfb4e3874_thumb.jpg','URL','http://www.raenz.com/assets/images/product/543111b4649f79423c4bde748987b764.jpg','http://www.raenz.com/assets/images/product/543111b4649f79423c4bde748987b764_thumb.jpg','YES','NO'),(114,14,'Size 30','<p>Sandal dari bahan spon EVA yang empuk, dengan lapisan dasar rubber sole anti selip, sehingga mampu memberikan kenyamanan dalam setiap langkah anda : ANGRY BIRD size 30</p>',25000,17000,0.25,'fdb2a39e5ca2b0e1091cee829206359f.jpg','fdb2a39e5ca2b0e1091cee829206359f_thumb.jpg','URL','http://www.raenz.com/assets/images/product/543111b4649f79423c4bde748987b764.jpg','http://www.raenz.com/assets/images/product/543111b4649f79423c4bde748987b764_thumb.jpg','YES','NO'),(115,14,'Size 32','<p>Sandal dari bahan spon EVA yang empuk, dengan lapisan dasar rubber sole anti selip, sehingga mampu memberikan kenyamanan dalam setiap langkah anda : ANGRY BIRD size 32</p>',25000,17000,0.25,'71f1e9d3dfbfdfc9a895a5dab6733cba.jpg','71f1e9d3dfbfdfc9a895a5dab6733cba_thumb.jpg','URL','http://www.raenz.com/assets/images/product/543111b4649f79423c4bde748987b764.jpg','http://www.raenz.com/assets/images/product/543111b4649f79423c4bde748987b764_thumb.jpg','YES','NO'),(116,14,'Size 34','<p>Sandal dari bahan spon EVA yang empuk, dengan lapisan dasar rubber sole anti selip, sehingga mampu memberikan kenyamanan dalam setiap langkah anda : ANGRY BIRD size 34</p>',25000,17000,0.25,'dea83138eca9b5c9d6afbefc328cee45.jpg','dea83138eca9b5c9d6afbefc328cee45_thumb.jpg','URL','http://www.raenz.com/assets/images/product/543111b4649f79423c4bde748987b764.jpg','http://www.raenz.com/assets/images/product/543111b4649f79423c4bde748987b764_thumb.jpg','YES','NO'),(117,14,'Size 36','<p>Sandal dari bahan spon EVA yang empuk, dengan lapisan dasar rubber sole anti selip, sehingga mampu memberikan kenyamanan dalam setiap langkah anda : ANGRY BIRD size 36</p>',27000,18000,0.25,'c395075abe01c62d2756abc5def99713.jpg','c395075abe01c62d2756abc5def99713_thumb.jpg','URL','http://www.raenz.com/assets/images/product/543111b4649f79423c4bde748987b764.jpg','http://www.raenz.com/assets/images/product/543111b4649f79423c4bde748987b764_thumb.jpg','YES','NO'),(118,14,'Size 38','<p>Sandal dari bahan spon EVA yang empuk, dengan lapisan dasar rubber sole anti selip, sehingga mampu memberikan kenyamanan dalam setiap langkah anda : ANGRY BIRD size 38</p>',27000,18000,0.25,'ae97ef2d1a9053c06165a14b5247f55d.jpg','ae97ef2d1a9053c06165a14b5247f55d_thumb.jpg','URL','http://www.raenz.com/assets/images/product/543111b4649f79423c4bde748987b764.jpg','http://www.raenz.com/assets/images/product/543111b4649f79423c4bde748987b764_thumb.jpg','YES','NO'),(119,14,'Size 40','<p>Sandal dari bahan spon EVA yang empuk, dengan lapisan dasar rubber sole anti selip, sehingga mampu memberikan kenyamanan dalam setiap langkah anda : ANGRY BIRD size 40</p>',28000,19000,0.25,'781b932cca582960697d422498140ede.jpg','781b932cca582960697d422498140ede_thumb.jpg','URL','http://www.raenz.com/assets/images/product/543111b4649f79423c4bde748987b764.jpg','http://www.raenz.com/assets/images/product/543111b4649f79423c4bde748987b764_thumb.jpg','YES','NO'),(120,14,'Size 42','<p>Sandal dari bahan spon EVA yang empuk, dengan lapisan dasar rubber sole anti selip, sehingga mampu memberikan kenyamanan dalam setiap langkah anda : ANGRY BIRD size 42</p>',28000,19000,0.25,'aee8037e6ffc5086d8c1f4f6f3117b38.jpg','aee8037e6ffc5086d8c1f4f6f3117b38_thumb.jpg','URL','http://www.raenz.com/assets/images/product/543111b4649f79423c4bde748987b764.jpg','http://www.raenz.com/assets/images/product/543111b4649f79423c4bde748987b764_thumb.jpg','YES','NO'),(121,15,'Size 21','<p>Sandal dari bahan spon EVA yang empuk, dengan lapisan dasar rubber sole anti selip, sehingga mampu memberikan kenyamanan dalam setiap langkah anda : DORAEMON size 21</p>',23000,16000,0.25,'23cf910704b6a7a79af8aa4bbc641cf5.jpg','23cf910704b6a7a79af8aa4bbc641cf5_thumb.jpg','FILE','http://www.raenz.com/assets/images/product/23cf910704b6a7a79af8aa4bbc641cf5.jpg','http://www.raenz.com/assets/images/product/23cf910704b6a7a79af8aa4bbc641cf5_thumb.jpg','YES','YES'),(122,15,'Size 24','<p>Sandal dari bahan spon EVA yang empuk, dengan lapisan dasar rubber sole anti selip, sehingga mampu memberikan kenyamanan dalam setiap langkah anda : DORAEMON size 24</p>',23000,16000,0.25,'ea41c3a8ca4f725d08afd9dc310eed4b.jpg','ea41c3a8ca4f725d08afd9dc310eed4b_thumb.jpg','URL','http://www.raenz.com/assets/images/product/23cf910704b6a7a79af8aa4bbc641cf5.jpg','http://www.raenz.com/assets/images/product/23cf910704b6a7a79af8aa4bbc641cf5_thumb.jpg','YES','NO'),(123,15,'Size 28','<p>Sandal dari bahan spon EVA yang empuk, dengan lapisan dasar rubber sole anti selip, sehingga mampu memberikan kenyamanan dalam setiap langkah anda : DORAEMON size 28</p>',23000,16000,0.25,'a5fb361270bd8ceb316131010ec4a058.jpg','a5fb361270bd8ceb316131010ec4a058_thumb.jpg','URL','http://www.raenz.com/assets/images/product/23cf910704b6a7a79af8aa4bbc641cf5.jpg','http://www.raenz.com/assets/images/product/23cf910704b6a7a79af8aa4bbc641cf5_thumb.jpg','YES','NO'),(124,15,'Size 30','<p>Sandal dari bahan spon EVA yang empuk, dengan lapisan dasar rubber sole anti selip, sehingga mampu memberikan kenyamanan dalam setiap langkah anda : DORAEMON size 30</p>',25000,17000,0.25,'e14839b232dcbfd280c98f92f297c01e.jpg','e14839b232dcbfd280c98f92f297c01e_thumb.jpg','URL','http://www.raenz.com/assets/images/product/23cf910704b6a7a79af8aa4bbc641cf5.jpg','http://www.raenz.com/assets/images/product/23cf910704b6a7a79af8aa4bbc641cf5_thumb.jpg','YES','NO'),(125,15,'Size 32','<p>Sandal dari bahan spon EVA yang empuk, dengan lapisan dasar rubber sole anti selip, sehingga mampu memberikan kenyamanan dalam setiap langkah anda : DORAEMON size 32</p>',25000,17000,0.25,'3aea6aa71f41f88f140f70dc3444ed96.jpg','3aea6aa71f41f88f140f70dc3444ed96_thumb.jpg','URL','http://www.raenz.com/assets/images/product/23cf910704b6a7a79af8aa4bbc641cf5.jpg','http://www.raenz.com/assets/images/product/23cf910704b6a7a79af8aa4bbc641cf5_thumb.jpg','YES','NO'),(126,15,'Size 34','<p>Sandal dari bahan spon EVA yang empuk, dengan lapisan dasar rubber sole anti selip, sehingga mampu memberikan kenyamanan dalam setiap langkah anda : DORAEMON size 34</p>',25000,17000,0.25,'e847401223336c8abc98a1ed3568ade3.jpg','e847401223336c8abc98a1ed3568ade3_thumb.jpg','URL','http://www.raenz.com/assets/images/product/23cf910704b6a7a79af8aa4bbc641cf5.jpg','http://www.raenz.com/assets/images/product/23cf910704b6a7a79af8aa4bbc641cf5_thumb.jpg','YES','NO'),(127,15,'Size 36','<p>Sandal dari bahan spon EVA yang empuk, dengan lapisan dasar rubber sole anti selip, sehingga mampu memberikan kenyamanan dalam setiap langkah anda : DORAEMON size 36</p>',27000,18000,0.25,'b446573524cacc7322e7de1aeb90396d.jpg','b446573524cacc7322e7de1aeb90396d_thumb.jpg','URL','http://www.raenz.com/assets/images/product/23cf910704b6a7a79af8aa4bbc641cf5.jpg','http://www.raenz.com/assets/images/product/23cf910704b6a7a79af8aa4bbc641cf5_thumb.jpg','YES','NO'),(128,15,'Size 38','<p>Sandal dari bahan spon EVA yang empuk, dengan lapisan dasar rubber sole anti selip, sehingga mampu memberikan kenyamanan dalam setiap langkah anda : DORAEMON size 38</p>',27000,18000,0.25,'abdafea36e756e02d34a95834176354e.jpg','abdafea36e756e02d34a95834176354e_thumb.jpg','URL','http://www.raenz.com/assets/images/product/23cf910704b6a7a79af8aa4bbc641cf5.jpg','http://www.raenz.com/assets/images/product/23cf910704b6a7a79af8aa4bbc641cf5_thumb.jpg','YES','NO'),(129,15,'Size 40','<p>Sandal dari bahan spon EVA yang empuk, dengan lapisan dasar rubber sole anti selip, sehingga mampu memberikan kenyamanan dalam setiap langkah anda : DORAEMON size 40</p>',28000,19000,0.25,'9e7df36ea9f6e4f92f8d06bd11d78a87.jpg','9e7df36ea9f6e4f92f8d06bd11d78a87_thumb.jpg','URL','http://www.raenz.com/assets/images/product/23cf910704b6a7a79af8aa4bbc641cf5.jpg','http://www.raenz.com/assets/images/product/23cf910704b6a7a79af8aa4bbc641cf5_thumb.jpg','YES','NO'),(130,15,'Size 42','<p>Sandal dari bahan spon EVA yang empuk, dengan lapisan dasar rubber sole anti selip, sehingga mampu memberikan kenyamanan dalam setiap langkah anda : DORAEMON size 42</p>',28000,19000,0.25,'589d61649661087fc72eab5b190e7257.jpg','589d61649661087fc72eab5b190e7257_thumb.jpg','URL','http://www.raenz.com/assets/images/product/23cf910704b6a7a79af8aa4bbc641cf5.jpg','http://www.raenz.com/assets/images/product/23cf910704b6a7a79af8aa4bbc641cf5_thumb.jpg','YES','NO'),(131,16,'Size 21','<p>Sandal dari bahan spon EVA yang empuk, dengan lapisan dasar rubber sole anti selip, sehingga mampu memberikan kenyamanan dalam setiap langkah anda : CARS MERAH size 21</p>',23000,16000,0.25,'1cee75b01462ba02e38f373b4b5dd0f2.jpg','1cee75b01462ba02e38f373b4b5dd0f2_thumb.jpg','FILE','http://www.raenz.com/assets/images/product/1cee75b01462ba02e38f373b4b5dd0f2.jpg','http://www.raenz.com/assets/images/product/1cee75b01462ba02e38f373b4b5dd0f2_thumb.jpg','YES','YES'),(132,16,'Size 24','<p>Sandal dari bahan spon EVA yang empuk, dengan lapisan dasar rubber sole anti selip, sehingga mampu memberikan kenyamanan dalam setiap langkah anda : CARS MERAH size 24</p>',23000,16000,0.25,'17f9153e09b98f8c69ee9e72d4fd4ce4.jpg','17f9153e09b98f8c69ee9e72d4fd4ce4_thumb.jpg','URL','http://www.raenz.com/assets/images/product/1cee75b01462ba02e38f373b4b5dd0f2.jpg','http://www.raenz.com/assets/images/product/1cee75b01462ba02e38f373b4b5dd0f2_thumb.jpg','YES','NO'),(133,16,'Size 28','<p>Sandal dari bahan spon EVA yang empuk, dengan lapisan dasar rubber sole anti selip, sehingga mampu memberikan kenyamanan dalam setiap langkah anda : CARS MERAH size 28</p>',23000,16000,0.25,'a51a1cabd1afc729c12ede9888ad35f6.jpg','a51a1cabd1afc729c12ede9888ad35f6_thumb.jpg','URL','http://www.raenz.com/assets/images/product/1cee75b01462ba02e38f373b4b5dd0f2.jpg','http://www.raenz.com/assets/images/product/1cee75b01462ba02e38f373b4b5dd0f2_thumb.jpg','YES','NO'),(134,16,'Size 30','<p>Sandal dari bahan spon EVA yang empuk, dengan lapisan dasar rubber sole anti selip, sehingga mampu memberikan kenyamanan dalam setiap langkah anda : CARS MERAH size 30</p>',25000,17000,0.25,'6438700ccf195e16b8d2e6a48bb705ed.jpg','6438700ccf195e16b8d2e6a48bb705ed_thumb.jpg','URL','http://www.raenz.com/assets/images/product/1cee75b01462ba02e38f373b4b5dd0f2.jpg','http://www.raenz.com/assets/images/product/1cee75b01462ba02e38f373b4b5dd0f2_thumb.jpg','YES','NO'),(135,16,'Size 32','<p>Sandal dari bahan spon EVA yang empuk, dengan lapisan dasar rubber sole anti selip, sehingga mampu memberikan kenyamanan dalam setiap langkah anda : CARS MERAH size 32</p>',25000,17000,0.25,'194fb410cd2638745cd2d8214ef86440.jpg','194fb410cd2638745cd2d8214ef86440_thumb.jpg','URL','http://www.raenz.com/assets/images/product/1cee75b01462ba02e38f373b4b5dd0f2.jpg','http://www.raenz.com/assets/images/product/1cee75b01462ba02e38f373b4b5dd0f2_thumb.jpg','YES','NO'),(136,16,'Size 34','<p>Sandal dari bahan spon EVA yang empuk, dengan lapisan dasar rubber sole anti selip, sehingga mampu memberikan kenyamanan dalam setiap langkah anda : CARS MERAH size 34</p>',25000,17000,0.25,'b1e33f15a3913c42033827aa541b9ec5.jpg','b1e33f15a3913c42033827aa541b9ec5_thumb.jpg','URL','http://www.raenz.com/assets/images/product/1cee75b01462ba02e38f373b4b5dd0f2.jpg','http://www.raenz.com/assets/images/product/1cee75b01462ba02e38f373b4b5dd0f2_thumb.jpg','YES','NO'),(137,16,'Size 36','<p>Sandal dari bahan spon EVA yang empuk, dengan lapisan dasar rubber sole anti selip, sehingga mampu memberikan kenyamanan dalam setiap langkah anda : CARS MERAH size 36</p>',27000,18000,0.25,'a3588408e449b05294e215b3c5832154.jpg','a3588408e449b05294e215b3c5832154_thumb.jpg','URL','http://www.raenz.com/assets/images/product/1cee75b01462ba02e38f373b4b5dd0f2.jpg','http://www.raenz.com/assets/images/product/1cee75b01462ba02e38f373b4b5dd0f2_thumb.jpg','YES','NO'),(138,16,'Size 38','<p>Sandal dari bahan spon EVA yang empuk, dengan lapisan dasar rubber sole anti selip, sehingga mampu memberikan kenyamanan dalam setiap langkah anda : CARS MERAH size 38</p>',27000,18000,0.25,'dfd28906aeb0bbd94120caff0a3edde0.jpg','dfd28906aeb0bbd94120caff0a3edde0_thumb.jpg','URL','http://www.raenz.com/assets/images/product/1cee75b01462ba02e38f373b4b5dd0f2.jpg','http://www.raenz.com/assets/images/product/1cee75b01462ba02e38f373b4b5dd0f2_thumb.jpg','YES','NO'),(139,16,'Size 40','<p>Sandal dari bahan spon EVA yang empuk, dengan lapisan dasar rubber sole anti selip, sehingga mampu memberikan kenyamanan dalam setiap langkah anda : CARS MERAH size 40</p>',28000,19000,0.25,'addee8b7bc656654ba88c5db357dd83c.jpg','addee8b7bc656654ba88c5db357dd83c_thumb.jpg','URL','http://www.raenz.com/assets/images/product/1cee75b01462ba02e38f373b4b5dd0f2.jpg','http://www.raenz.com/assets/images/product/1cee75b01462ba02e38f373b4b5dd0f2_thumb.jpg','YES','NO'),(140,16,'Size 42','<p>Sandal dari bahan spon EVA yang empuk, dengan lapisan dasar rubber sole anti selip, sehingga mampu memberikan kenyamanan dalam setiap langkah anda : CARS MERAH size 42</p>',28000,19000,0.25,'4cb8c31d9f012495fd937dd60f75af6e.jpg','4cb8c31d9f012495fd937dd60f75af6e_thumb.jpg','URL','http://www.raenz.com/assets/images/product/1cee75b01462ba02e38f373b4b5dd0f2.jpg','http://www.raenz.com/assets/images/product/1cee75b01462ba02e38f373b4b5dd0f2_thumb.jpg','YES','NO'),(141,17,'Size 21','<p>Sandal dari bahan spon EVA yang empuk, dengan lapisan dasar rubber sole anti selip, sehingga mampu memberikan kenyamanan dalam setiap langkah anda : CARS BIRU size 21</p>',23000,16000,0.25,'8826e076acb21e8e03641bbab576cb38.jpg','8826e076acb21e8e03641bbab576cb38_thumb.jpg','FILE','http://www.raenz.com/assets/images/product/8826e076acb21e8e03641bbab576cb38.jpg','http://www.raenz.com/assets/images/product/8826e076acb21e8e03641bbab576cb38_thumb.jpg','YES','YES'),(142,17,'Size 24','<p>Sandal dari bahan spon EVA yang empuk, dengan lapisan dasar rubber sole anti selip, sehingga mampu memberikan kenyamanan dalam setiap langkah anda : CARS BIRU size 24</p>',23000,16000,0.25,'22ad61c069b2932f08561bb8bc3cc0b0.jpg','22ad61c069b2932f08561bb8bc3cc0b0_thumb.jpg','URL','http://www.raenz.com/assets/images/product/8826e076acb21e8e03641bbab576cb38.jpg','http://www.raenz.com/assets/images/product/8826e076acb21e8e03641bbab576cb38_thumb.jpg','YES','NO'),(143,17,'Size 28','<p>Sandal dari bahan spon EVA yang empuk, dengan lapisan dasar rubber sole anti selip, sehingga mampu memberikan kenyamanan dalam setiap langkah anda : CARS BIRU size 28</p>',23000,16000,0.25,'cbed7f581f040fb46991ec574ee98d5d.jpg','cbed7f581f040fb46991ec574ee98d5d_thumb.jpg','URL','http://www.raenz.com/assets/images/product/8826e076acb21e8e03641bbab576cb38.jpg','http://www.raenz.com/assets/images/product/8826e076acb21e8e03641bbab576cb38_thumb.jpg','YES','NO'),(144,17,'Size 30','<p>Sandal dari bahan spon EVA yang empuk, dengan lapisan dasar rubber sole anti selip, sehingga mampu memberikan kenyamanan dalam setiap langkah anda : CARS BIRU size 30</p>',25000,17000,0.25,'6246c333daeb651d81fa8a2b759e3b9d.jpg','6246c333daeb651d81fa8a2b759e3b9d_thumb.jpg','URL','http://www.raenz.com/assets/images/product/8826e076acb21e8e03641bbab576cb38.jpg','http://www.raenz.com/assets/images/product/8826e076acb21e8e03641bbab576cb38_thumb.jpg','YES','NO'),(145,17,'Size 32','<p>Sandal dari bahan spon EVA yang empuk, dengan lapisan dasar rubber sole anti selip, sehingga mampu memberikan kenyamanan dalam setiap langkah anda : CARS BIRU size 32</p>',25000,17000,0.25,'99eb2e098c33d56e81ab97713cdb5c30.jpg','99eb2e098c33d56e81ab97713cdb5c30_thumb.jpg','URL','http://www.raenz.com/assets/images/product/8826e076acb21e8e03641bbab576cb38.jpg','http://www.raenz.com/assets/images/product/8826e076acb21e8e03641bbab576cb38_thumb.jpg','YES','NO'),(146,17,'Size 34','<p>Sandal dari bahan spon EVA yang empuk, dengan lapisan dasar rubber sole anti selip, sehingga mampu memberikan kenyamanan dalam setiap langkah anda : CARS BIRU size 34</p>',25000,17000,0.25,'2a353a759f4459826248e0daea05b48d.jpg','2a353a759f4459826248e0daea05b48d_thumb.jpg','URL','http://www.raenz.com/assets/images/product/8826e076acb21e8e03641bbab576cb38.jpg','http://www.raenz.com/assets/images/product/8826e076acb21e8e03641bbab576cb38_thumb.jpg','YES','NO'),(147,17,'Size 36','<p>Sandal dari bahan spon EVA yang empuk, dengan lapisan dasar rubber sole anti selip, sehingga mampu memberikan kenyamanan dalam setiap langkah anda : CARS BIRU size 36</p>',27000,18000,0.25,'8f7fafb9267912330772e28e1412f3df.jpg','8f7fafb9267912330772e28e1412f3df_thumb.jpg','URL','http://www.raenz.com/assets/images/product/8826e076acb21e8e03641bbab576cb38.jpg','http://www.raenz.com/assets/images/product/8826e076acb21e8e03641bbab576cb38_thumb.jpg','YES','NO'),(148,17,'Size 38','<p>Sandal dari bahan spon EVA yang empuk, dengan lapisan dasar rubber sole anti selip, sehingga mampu memberikan kenyamanan dalam setiap langkah anda : CARS BIRU size 38</p>',27000,18000,0.25,'284c836f945b419028214f937c2af1dd.jpg','284c836f945b419028214f937c2af1dd_thumb.jpg','URL','http://www.raenz.com/assets/images/product/8826e076acb21e8e03641bbab576cb38.jpg','http://www.raenz.com/assets/images/product/8826e076acb21e8e03641bbab576cb38_thumb.jpg','YES','NO'),(149,17,'Size 40','<p>Sandal dari bahan spon EVA yang empuk, dengan lapisan dasar rubber sole anti selip, sehingga mampu memberikan kenyamanan dalam setiap langkah anda : CARS BIRU size 40</p>',28000,19000,0.25,'4da2b6ab5a5a06b958d7d2ac18d5f9f2.jpg','4da2b6ab5a5a06b958d7d2ac18d5f9f2_thumb.jpg','URL','http://www.raenz.com/assets/images/product/8826e076acb21e8e03641bbab576cb38.jpg','http://www.raenz.com/assets/images/product/8826e076acb21e8e03641bbab576cb38_thumb.jpg','YES','NO'),(150,17,'Size 42','<p>Sandal dari bahan spon EVA yang empuk, dengan lapisan dasar rubber sole anti selip, sehingga mampu memberikan kenyamanan dalam setiap langkah anda : CARS BIRU size 42</p>',28000,19000,0.25,'0a64ca522ee2d694553cd390544a9fe2.jpg','0a64ca522ee2d694553cd390544a9fe2_thumb.jpg','URL','http://www.raenz.com/assets/images/product/8826e076acb21e8e03641bbab576cb38.jpg','http://www.raenz.com/assets/images/product/8826e076acb21e8e03641bbab576cb38_thumb.jpg','YES','NO'),(151,18,'Size 21','<p>Sandal dari bahan spon EVA yang empuk, dengan lapisan dasar rubber sole anti selip, sehingga mampu memberikan kenyamanan dalam setiap langkah anda : SINCHAN size 21</p>',23000,16000,0.25,'04a9b7c4a2b686aeb5b0de1b0504d1e1.jpg','04a9b7c4a2b686aeb5b0de1b0504d1e1_thumb.jpg','FILE','http://www.raenz.com/assets/images/product/04a9b7c4a2b686aeb5b0de1b0504d1e1.jpg','http://www.raenz.com/assets/images/product/04a9b7c4a2b686aeb5b0de1b0504d1e1_thumb.jpg','YES','YES'),(152,18,'Size 24','<p>Sandal dari bahan spon EVA yang empuk, dengan lapisan dasar rubber sole anti selip, sehingga mampu memberikan kenyamanan dalam setiap langkah anda : SINCHAN size 24</p>',23000,16000,0.25,'838771d96ba06cbdb4ff6453456e8855.jpg','838771d96ba06cbdb4ff6453456e8855_thumb.jpg','URL','http://www.raenz.com/assets/images/product/04a9b7c4a2b686aeb5b0de1b0504d1e1.jpg','http://www.raenz.com/assets/images/product/04a9b7c4a2b686aeb5b0de1b0504d1e1_thumb.jpg','YES','NO'),(153,18,'Size 28','<p>Sandal dari bahan spon EVA yang empuk, dengan lapisan dasar rubber sole anti selip, sehingga mampu memberikan kenyamanan dalam setiap langkah anda : SINCHAN size 28</p>',23000,16000,0.25,'1b8dabf9cb0b6461d6bd884468a8a07e.jpg','1b8dabf9cb0b6461d6bd884468a8a07e_thumb.jpg','URL','http://www.raenz.com/assets/images/product/04a9b7c4a2b686aeb5b0de1b0504d1e1.jpg','http://www.raenz.com/assets/images/product/04a9b7c4a2b686aeb5b0de1b0504d1e1_thumb.jpg','YES','NO'),(154,18,'Size 30','<p>Sandal dari bahan spon EVA yang empuk, dengan lapisan dasar rubber sole anti selip, sehingga mampu memberikan kenyamanan dalam setiap langkah anda : SINCHAN size 30</p>',25000,17000,0.25,'bb9313cc198858fea2302da334f02092.jpg','bb9313cc198858fea2302da334f02092_thumb.jpg','URL','http://www.raenz.com/assets/images/product/04a9b7c4a2b686aeb5b0de1b0504d1e1.jpg','http://www.raenz.com/assets/images/product/04a9b7c4a2b686aeb5b0de1b0504d1e1_thumb.jpg','YES','NO'),(155,18,'Size 32','<p>Sandal dari bahan spon EVA yang empuk, dengan lapisan dasar rubber sole anti selip, sehingga mampu memberikan kenyamanan dalam setiap langkah anda : SINCHAN size 32</p>',25000,17000,0.25,'807b1f66cdf94daabb9929e286bb794e.jpg','807b1f66cdf94daabb9929e286bb794e_thumb.jpg','URL','http://www.raenz.com/assets/images/product/04a9b7c4a2b686aeb5b0de1b0504d1e1.jpg','http://www.raenz.com/assets/images/product/04a9b7c4a2b686aeb5b0de1b0504d1e1_thumb.jpg','YES','NO'),(156,18,'Size 34','<p>Sandal dari bahan spon EVA yang empuk, dengan lapisan dasar rubber sole anti selip, sehingga mampu memberikan kenyamanan dalam setiap langkah anda : SINCHAN size 34</p>',25000,17000,0.25,'87f92d3f58cbb3adef6f29df64d4539c.jpg','87f92d3f58cbb3adef6f29df64d4539c_thumb.jpg','URL','http://www.raenz.com/assets/images/product/04a9b7c4a2b686aeb5b0de1b0504d1e1.jpg','http://www.raenz.com/assets/images/product/04a9b7c4a2b686aeb5b0de1b0504d1e1_thumb.jpg','YES','NO'),(157,18,'Size 36','<p>Sandal dari bahan spon EVA yang empuk, dengan lapisan dasar rubber sole anti selip, sehingga mampu memberikan kenyamanan dalam setiap langkah anda : SINCHAN size 36</p>',27000,18000,0.25,'f508a0ad39000f5cef6e2c940c8a9579.jpg','f508a0ad39000f5cef6e2c940c8a9579_thumb.jpg','URL','http://www.raenz.com/assets/images/product/04a9b7c4a2b686aeb5b0de1b0504d1e1.jpg','http://www.raenz.com/assets/images/product/04a9b7c4a2b686aeb5b0de1b0504d1e1_thumb.jpg','YES','NO'),(158,18,'Size 38','<p>Sandal dari bahan spon EVA yang empuk, dengan lapisan dasar rubber sole anti selip, sehingga mampu memberikan kenyamanan dalam setiap langkah anda : SINCHAN size 38</p>',27000,18000,0.25,'0d403da4371d1476e504b5d955780ba5.jpg','0d403da4371d1476e504b5d955780ba5_thumb.jpg','URL','http://www.raenz.com/assets/images/product/04a9b7c4a2b686aeb5b0de1b0504d1e1.jpg','http://www.raenz.com/assets/images/product/04a9b7c4a2b686aeb5b0de1b0504d1e1_thumb.jpg','YES','NO'),(159,18,'Size 40','<p>Sandal dari bahan spon EVA yang empuk, dengan lapisan dasar rubber sole anti selip, sehingga mampu memberikan kenyamanan dalam setiap langkah anda : SINCHAN size 40</p>',28000,19000,0.25,'1921c6c8d40edb9d826b6d6fc54d2d03.jpg','1921c6c8d40edb9d826b6d6fc54d2d03_thumb.jpg','URL','http://www.raenz.com/assets/images/product/04a9b7c4a2b686aeb5b0de1b0504d1e1.jpg','http://www.raenz.com/assets/images/product/04a9b7c4a2b686aeb5b0de1b0504d1e1_thumb.jpg','YES','NO'),(161,19,'Size 21','<p>Sandal dari bahan spon EVA yang empuk, dengan lapisan dasar rubber sole anti selip, sehingga mampu memberikan kenyamanan dalam setiap langkah anda : TOM &amp; JERRY size 21</p>',23000,16000,0.25,'2e667c56fbc819dca22d33270fccb09a.jpg','2e667c56fbc819dca22d33270fccb09a_thumb.jpg','FILE','http://www.raenz.com/assets/images/product/2e667c56fbc819dca22d33270fccb09a.jpg','http://www.raenz.com/assets/images/product/2e667c56fbc819dca22d33270fccb09a_thumb.jpg','YES','YES'),(162,19,'Size 24','<p>Sandal dari bahan spon EVA yang empuk, dengan lapisan dasar rubber sole anti selip, sehingga mampu memberikan kenyamanan dalam setiap langkah anda : TOM &amp; JERRY size 24</p>',23000,16000,0.25,'fdb58d61c9c52d9a683e4fe40e316ae7.jpg','fdb58d61c9c52d9a683e4fe40e316ae7_thumb.jpg','URL','http://www.raenz.com/assets/images/product/2e667c56fbc819dca22d33270fccb09a.jpg','http://www.raenz.com/assets/images/product/2e667c56fbc819dca22d33270fccb09a_thumb.jpg','YES','NO'),(163,19,'Size 28','<p>Sandal dari bahan spon EVA yang empuk, dengan lapisan dasar rubber sole anti selip, sehingga mampu memberikan kenyamanan dalam setiap langkah anda : TOM &amp; JERRY size 28</p>',23000,16000,0.25,'3090fa26528d8ed5b96444154a407fb6.jpg','3090fa26528d8ed5b96444154a407fb6_thumb.jpg','URL','http://www.raenz.com/assets/images/product/2e667c56fbc819dca22d33270fccb09a.jpg','http://www.raenz.com/assets/images/product/2e667c56fbc819dca22d33270fccb09a_thumb.jpg','YES','NO'),(164,19,'Size 30','<p>Sandal dari bahan spon EVA yang empuk, dengan lapisan dasar rubber sole anti selip, sehingga mampu memberikan kenyamanan dalam setiap langkah anda : TOM &amp; JERRY size 30</p>',25000,17000,0.25,'e4471a358138d259b3cab8a973dabf50.jpg','e4471a358138d259b3cab8a973dabf50_thumb.jpg','URL','http://www.raenz.com/assets/images/product/2e667c56fbc819dca22d33270fccb09a.jpg','http://www.raenz.com/assets/images/product/2e667c56fbc819dca22d33270fccb09a_thumb.jpg','YES','NO'),(165,19,'Size 32','<p>Sandal dari bahan spon EVA yang empuk, dengan lapisan dasar rubber sole anti selip, sehingga mampu memberikan kenyamanan dalam setiap langkah anda : TOM &amp; JERRY size 32</p>',25000,17000,0.25,'6ffe522fd607ccaa195f64af3d76482b.jpg','6ffe522fd607ccaa195f64af3d76482b_thumb.jpg','URL','http://www.raenz.com/assets/images/product/2e667c56fbc819dca22d33270fccb09a.jpg','http://www.raenz.com/assets/images/product/2e667c56fbc819dca22d33270fccb09a_thumb.jpg','YES','NO'),(166,19,'Size 34','<p>Sandal dari bahan spon EVA yang empuk, dengan lapisan dasar rubber sole anti selip, sehingga mampu memberikan kenyamanan dalam setiap langkah anda : TOM &amp; JERRY size 34</p>',25000,17000,0.25,'f9afcf30c5251a45d07dfe9b5baea2b3.jpg','f9afcf30c5251a45d07dfe9b5baea2b3_thumb.jpg','URL','http://www.raenz.com/assets/images/product/2e667c56fbc819dca22d33270fccb09a.jpg','http://www.raenz.com/assets/images/product/2e667c56fbc819dca22d33270fccb09a_thumb.jpg','YES','NO'),(167,19,'Size 36','<p>Sandal dari bahan spon EVA yang empuk, dengan lapisan dasar rubber sole anti selip, sehingga mampu memberikan kenyamanan dalam setiap langkah anda : TOM &amp; JERRY size 36</p>',27000,18000,0.25,'5049ac2de802413f6a9c3eac751d7180.jpg','5049ac2de802413f6a9c3eac751d7180_thumb.jpg','URL','http://www.raenz.com/assets/images/product/2e667c56fbc819dca22d33270fccb09a.jpg','http://www.raenz.com/assets/images/product/2e667c56fbc819dca22d33270fccb09a_thumb.jpg','YES','NO'),(168,19,'Size 38','<p>Sandal dari bahan spon EVA yang empuk, dengan lapisan dasar rubber sole anti selip, sehingga mampu memberikan kenyamanan dalam setiap langkah anda : TOM &amp; JERRY size 38</p>',27000,18000,0.25,'7f2225bf50b3a3a8e44e1e986c7f1f3a.jpg','7f2225bf50b3a3a8e44e1e986c7f1f3a_thumb.jpg','URL','http://www.raenz.com/assets/images/product/2e667c56fbc819dca22d33270fccb09a.jpg','http://www.raenz.com/assets/images/product/2e667c56fbc819dca22d33270fccb09a_thumb.jpg','YES','NO'),(169,19,'Size 40','<p>Sandal dari bahan spon EVA yang empuk, dengan lapisan dasar rubber sole anti selip, sehingga mampu memberikan kenyamanan dalam setiap langkah anda : TOM &amp; JERRY size 40</p>',28000,19000,0.25,'a1cbc77cd752c908cfefc57b4c5cbdc8.jpg','a1cbc77cd752c908cfefc57b4c5cbdc8_thumb.jpg','URL','http://www.raenz.com/assets/images/product/2e667c56fbc819dca22d33270fccb09a.jpg','http://www.raenz.com/assets/images/product/2e667c56fbc819dca22d33270fccb09a_thumb.jpg','YES','NO'),(170,19,'Size 42','<p>Sandal dari bahan spon EVA yang empuk, dengan lapisan dasar rubber sole anti selip, sehingga mampu memberikan kenyamanan dalam setiap langkah anda : TOM &amp; JERRY size 42</p>',28000,19000,0.25,'e6fed573350604236cb30ca03b01e286.jpg','e6fed573350604236cb30ca03b01e286_thumb.jpg','URL','http://www.raenz.com/assets/images/product/2e667c56fbc819dca22d33270fccb09a.jpg','http://www.raenz.com/assets/images/product/2e667c56fbc819dca22d33270fccb09a_thumb.jpg','YES','NO'),(171,20,'Alovi size S','<p>&nbsp;D<span lang=\"id\">engan motif bunga, cocok bagi para wanita modern</span></p>',35000,30000,0.2,'995801efa6d0f386722298c1a8ed769c.jpg','995801efa6d0f386722298c1a8ed769c_thumb.jpg','FILE','http://www.raenz.com/assets/images/product/b8522daed9a5c5eac11302cf74563aa8.jpg','http://www.raenz.com/assets/images/product/b8522daed9a5c5eac11302cf74563aa8_thumb.jpg','YES','YES'),(172,20,'ALOVI SIZE M','<p>&nbsp;<span lang=\"id\">Dengan motif bunga, cocok bagi para wanita modern</span></p>',35000,30000,0.2,'38a6bb488b129f189a5ee39ae33e02de.jpg','38a6bb488b129f189a5ee39ae33e02de_thumb.jpg','URL','http://raenz.com/assets/images/product/995801efa6d0f386722298c1a8ed769c.jpg','http://raenz.com/assets/images/product/995801efa6d0f386722298c1a8ed769c_thumb.jpg','YES','NO'),(173,20,'ALOVI SIZE L','<p>Dengan motif bunga, cocok bagi para wanita modern</p>',35000,30000,0.2,'e87f0ec4bcc051aa97e2398fc36c3400.jpg','e87f0ec4bcc051aa97e2398fc36c3400_thumb.jpg','URL','http://raenz.com/assets/images/product/995801efa6d0f386722298c1a8ed769c.jpg','http://raenz.com/assets/images/product/995801efa6d0f386722298c1a8ed769c_thumb.jpg','YES','NO'),(174,20,'ALOVI SIZE XL','<p>Dengan motif bunga, cocok bagi para wanita modern</p>',35000,30000,0.2,'4231df0a7c15860704be426f8a2f7cd6.jpg','4231df0a7c15860704be426f8a2f7cd6_thumb.jpg','URL','http://raenz.com/assets/images/product/995801efa6d0f386722298c1a8ed769c.jpg','http://raenz.com/assets/images/product/995801efa6d0f386722298c1a8ed769c_thumb.jpg','YES','NO'),(175,20,'Tribal Size S','<p>Dengan motif grafis modern, cocok bagi mereka yang berjiwa modern</p>',35000,30000,0.2,'ea38cad42672fcd5349aa2ea2083332f.jpg','ea38cad42672fcd5349aa2ea2083332f_thumb.jpg','URL','http://raenz.com/assets/images/product/995801efa6d0f386722298c1a8ed769c.jpg','http://raenz.com/assets/images/product/995801efa6d0f386722298c1a8ed769c_thumb.jpg','YES','NO'),(176,20,'Tribal Size M','<p>Dengan motif grafis modern, cocok bagi mereka yang berjiwa modern</p>',35000,30000,0.2,'e7c37954712f8ceda070c278237550e7.jpg','e7c37954712f8ceda070c278237550e7_thumb.jpg','URL','http://raenz.com/assets/images/product/995801efa6d0f386722298c1a8ed769c.jpg','http://raenz.com/assets/images/product/995801efa6d0f386722298c1a8ed769c_thumb.jpg','YES','NO'),(177,20,'Tribal Size L','<p>Dengan motif grafis modern, cocok bagi mereka yang berjiwa modern</p>',35000,30000,0.2,'f24bd6210033b0d99bf6cf8f51f529d6.jpg','f24bd6210033b0d99bf6cf8f51f529d6_thumb.jpg','URL','http://raenz.com/assets/images/product/995801efa6d0f386722298c1a8ed769c.jpg','http://raenz.com/assets/images/product/995801efa6d0f386722298c1a8ed769c_thumb.jpg','YES','NO'),(178,20,'TRIBALL Size XL','<p>Dengan motif grafis modern, cocok bagi mereka yang berjiwa modern</p>',35000,30000,0.2,'70269214ac0fc6c4f8275553ccb04158.jpg','70269214ac0fc6c4f8275553ccb04158_thumb.jpg','URL','http://raenz.com/assets/images/product/995801efa6d0f386722298c1a8ed769c.jpg','http://raenz.com/assets/images/product/995801efa6d0f386722298c1a8ed769c_thumb.jpg','YES','NO'),(187,22,'Sarung galon motif Winnie The Pooh','<p>Sarung Penutup Galon air dengan Motif Boneka winnie the pooh yang lucu. Terbuat dari bahan Veltboa yang lembut (Bahan untuk Boneka) dengan dilapisi bahan Parasit di bagian dalamnya.</p>',50000,32000,0.3,'49e7aa81ee216fba0bb53bb4def87734.jpeg','49e7aa81ee216fba0bb53bb4def87734_thumb.jpeg','FILE','','','YES','NO'),(188,22,'Sarung galon motif Keroppi','<p>Sarung Penutup Galon air dengan Motif Boneka Keroppi yang lucu. Terbuat dari bahan Veltboa yang lembut (Bahan untuk Boneka) dengan dilapisi bahan Parasit di bagian dalamnya.</p>',50000,32000,0.3,'7ec473c2e9a1ea790cae116dd3ca9f27.jpg','7ec473c2e9a1ea790cae116dd3ca9f27_thumb.jpg','FILE','','','YES','NO'),(189,22,'Sarung galon motif Angry bird','<p>Sarung Penutup Galon air dengan Motif Boneka Anggry Bird yang lucu. Terbuat dari bahan Veltboa yang lembut (Bahan untuk Boneka) dengan dilapisi bahan Parasit di bagian dalamnya.</p>',50000,32000,0.3,'edca3a3689343d75366682f10681010b.jpg','edca3a3689343d75366682f10681010b_thumb.jpg','FILE','','','YES','NO'),(190,22,'Sarung galon motif Hello kitty','<p>Sarung Penutup Galon air dengan Motif Boneka Hello Kitty yang lucu. Terbuat dari bahan Veltboa yang lembut (Bahan untuk Boneka) dengan dilapisi bahan Parasit di bagian dalamnya.</p>',50000,32000,0.3,'47548e8ec6590ee293fc061d35f1bc9e.jpg','47548e8ec6590ee293fc061d35f1bc9e_thumb.jpg','FILE','','','YES','NO'),(191,22,'Sarung galon motif Doraemon','<p>Sarung Penutup Galon air dengan Motif Boneka Doraemon yang lucu. Terbuat dari bahan Veltboa yang lembut (Bahan untuk Boneka) dengan dilapisi bahan Parasit di bagian dalamnya.</p>',50000,32000,0.3,'52a9723fe60c4133eec93820a5d6386d.jpg','52a9723fe60c4133eec93820a5d6386d_thumb.jpg','FILE','','','YES','NO'),(179,20,'MERCY SIZE S','<p class=\"MsoNormal\">&nbsp;D<span lang=\"id\">engan motif strip minimalis, cocok bagi mereka yang berjiwa muda dan simple</span></p>',35000,30000,0.2,'d292cb4f43ccd088119b3d7778120975.jpg','d292cb4f43ccd088119b3d7778120975_thumb.jpg','URL','http://raenz.com/assets/images/product/995801efa6d0f386722298c1a8ed769c.jpg','http://raenz.com/assets/images/product/995801efa6d0f386722298c1a8ed769c_thumb.jpg','YES','NO'),(180,20,'MERCY SIZE M','<p class=\"MsoNormal\">&nbsp;D<span lang=\"id\">engan motif strip minimalis, cocok bagi mereka yang berjiwa muda dan simple</span></p>',35000,30000,0.2,'d18eb91e3103b5ef29da89f87279edcf.jpg','d18eb91e3103b5ef29da89f87279edcf_thumb.jpg','URL','http://raenz.com/assets/images/product/995801efa6d0f386722298c1a8ed769c.jpg','http://raenz.com/assets/images/product/995801efa6d0f386722298c1a8ed769c_thumb.jpg','YES','NO'),(181,20,'MERCY SIZE L','<p class=\"MsoNormal\">&nbsp;D<span lang=\"id\">engan motif strip minimalis, cocok bagi mereka yang berjiwa muda dan simple</span></p>',35000,30000,0.2,'d3c40a06dc4dad4c05952f87e357ec21.jpg','d3c40a06dc4dad4c05952f87e357ec21_thumb.jpg','URL','http://raenz.com/assets/images/product/995801efa6d0f386722298c1a8ed769c.jpg','http://raenz.com/assets/images/product/995801efa6d0f386722298c1a8ed769c_thumb.jpg','YES','NO'),(182,20,'MERCY SIZE XL','<p class=\"MsoNormal\">&nbsp;D<span lang=\"id\">engan motif strip minimalis, cocok bagi mereka yang berjiwa muda dan simple</span></p>',35000,30000,0.2,'50c5695a0ff5bf6dd1997c9b51979202.jpg','50c5695a0ff5bf6dd1997c9b51979202_thumb.jpg','URL','http://raenz.com/assets/images/product/995801efa6d0f386722298c1a8ed769c.jpg','http://raenz.com/assets/images/product/995801efa6d0f386722298c1a8ed769c_thumb.jpg','YES','NO'),(183,20,'CHAMP SIZE S','<p>Dengan motif grafis tebal , cocok bagi mereka yang berjiwa petualang dan pemberani</p>',35000,30000,0.2,'38b0f4a5b07505923e9b3a72779cac4c.jpg','38b0f4a5b07505923e9b3a72779cac4c_thumb.jpg','URL','http://raenz.com/assets/images/product/995801efa6d0f386722298c1a8ed769c.jpg','http://raenz.com/assets/images/product/995801efa6d0f386722298c1a8ed769c_thumb.jpg','YES','NO'),(184,20,'CHAMP SIZE M','<p>Dengan motif grafis tebal , cocok bagi mereka yang berjiwa petualang dan pemberani</p>',35000,30000,0.2,'273cdab57029d1eacf93874eeead7a4d.jpg','273cdab57029d1eacf93874eeead7a4d_thumb.jpg','URL','http://raenz.com/assets/images/product/995801efa6d0f386722298c1a8ed769c.jpg','http://raenz.com/assets/images/product/995801efa6d0f386722298c1a8ed769c_thumb.jpg','YES','NO'),(185,20,'CHAMP SIZE L','<p>Dengan motif grafis tebal , cocok bagi mereka yang berjiwa petualang dan pemberani</p>',35000,30000,0.2,'20351a0b1a906c066e841df38e19061b.jpg','20351a0b1a906c066e841df38e19061b_thumb.jpg','URL','http://raenz.com/assets/images/product/995801efa6d0f386722298c1a8ed769c.jpg','http://raenz.com/assets/images/product/995801efa6d0f386722298c1a8ed769c_thumb.jpg','YES','NO'),(186,20,'CHAMP SIZE X L','<p>Dengan motif grafis tebal , cocok bagi mereka yang berjiwa petualang dan pemberani</p>',35000,30000,0.2,'8c07ab7b52b0a84f8e2da8df9fb920f6.jpg','8c07ab7b52b0a84f8e2da8df9fb920f6_thumb.jpg','URL','http://raenz.com/assets/images/product/995801efa6d0f386722298c1a8ed769c.jpg','http://raenz.com/assets/images/product/995801efa6d0f386722298c1a8ed769c_thumb.jpg','YES','NO'),(192,22,'Sarung Galon motif Spongebob','<p>Sarung Penutup Galon air dengan Motif Boneka Spongebob yang lucu. Terbuat dari bahan Veltboa yang lembut (Bahan untuk Boneka) dengan dilapisi bahan Parasit di bagian dalamnya.</p>',50000,32000,0.3,'906dace79630fc65465dd01d21c6328a.jpg','906dace79630fc65465dd01d21c6328a_thumb.jpg','FILE','','','YES','YES'),(193,23,'Jas Hujan Axio Uk XL','<p>Ukuran XL :</p>\n<ul>\n<li>Lebar baju dari ketiak ke ketiak = 64cm (lingkaran baju 128cm)</li>\n<li>Celana maximal melar = 54cm (lingkaran celana depan blkg 108cm)</li>\n<li>Panjang celana = 95cm</li>\n<li>Lebar Paha dihitung dr selangkangan = 27cm (lingkar paha 54cm)</li>\n</ul>\n<p>Ukuran XL Cocok untuk yang biasa pake baju XS atau cewe</p>',155000,145000,1,'1dbc48fa369cd4d50b17d05e9e0e9853.jpg','1dbc48fa369cd4d50b17d05e9e0e9853_thumb.jpg','FILE','','','YES','YES'),(195,30,'Mini Sealer Adaptor Port ','<p><span>Mini sealer adalah alat pengemas / perekat plastik berukuran kecil yang dapat dioperasikan dengan satu gengaman tangan (cara pemakaian yg mudah)</span></p>\n<p><span> Bisa menutup rapat plastik makanan yang sudah terbuka sehingga menjadi tahan lama dan tidak masuk angin. Untuk menggantikan cara mengemas plastik tradisional yang menggunakan api dan lilin</span></p>\n<p><span> Mini sealer dapat panas secara instan sehingga begitu di nyalakan langsung bisa dgunakan.</span>dengan praktis dan mudah, plastik akan cepat merekat.</p>',38000,33000,0.3,'5db4baa5428d373c5007001d88fe9d49.JPG','5db4baa5428d373c5007001d88fe9d49_thumb.JPG','FILE','','','YES','NO'),(194,23,'Jas Hujan Axio Uk XXXL','<p>Ukuran XXXL :</p>\n<ul>\n<li>Lebar baju dari ketiak ke ketiak = 66cm (lingkaran baju 132cm)</li>\n<li>Celana maximal melar = 60cm (lingkaran celana depan blkg 120cm)</li>\n<li>Panjang celana = 103cm</li>\n<li>Lebar Paha dihitung dr selangkangan = 33cm (lingkar paha 66cm)</li>\n</ul>',155000,145000,1.2,'22b7f6173c95bb910171395eb78c444d.jpg','22b7f6173c95bb910171395eb78c444d_thumb.jpg','FILE','','','YES','NO'),(196,30,'Alat Pijat Mini Getar Mimo / Mini massager ','<p>MINI MASSAGER / Alat Pijat Mini adalah alat pijat yang berukuran mini, praktis dan getarannya berguna untuk meringankan kelelahan , kecapaian, dan menyegarkan otot otot kembali dengan cara ditempelkan pada bagian yang lelah kemudian digeser seperti digosok.</p>\n<p><br />Alat pijat mini mimo vibrator digunakan dimana saja, bebas tidak peduli tempat duduk, berdiri, atau berbaring. Bentuk fashion, kecil dan indah, bisa dibawa dengan mudah.<br />Sangat praktis digunakan pada saat bekerja, santai ataupun sedang belajar.<br />Mudah sekali cara penggunaannya cukup ditekan pada daerah yang dinginkan dan andapun terasa nyaman.</p>\n<p><br />Bisa menggunakan usb dari laptop atau computer desktop</p>\n<ul>\n<li>POWER : USB / Battery A3 (3 Pcs)</li>\n<li>INCLUDE : KABEL USB</li>\n</ul>',37000,32000,0.3,'737cd1a8e53f4f359da6285b28a65eb6.jpg','737cd1a8e53f4f359da6285b28a65eb6_thumb.jpg','FILE','','','YES','NO'),(197,23,'Jas Hujan Axio Size L','<p>Jas Hujan Axio Size L</p>',155000,145000,1.2,'','','URL','http://www.raenz.com/assets/images/product/22b7f6173c95bb910171395eb78c444d.jpg','http://www.raenz.com/assets/images/product/22b7f6173c95bb910171395eb78c444d_thumb.jpg','YES','NO'),(198,25,'Goodies Bag','<p>Berbagai pilihan goodies bag kami sediakan sesuai budget kalian .</p>\n<ul>\n<li>Sandal</li>\n<li>Tas Ransel, selempang</li>\n<li>Tempat Pensil</li>\n<li>Lunch box</li>\n<li>dll</li>\n</ul>',0,0,0,'701d3717ce81b89fe440dedcdfab6c96.jpg','701d3717ce81b89fe440dedcdfab6c96_thumb.jpg','FILE','','','YES','NO'),(199,25,'Backdrop','<p>Untuk membuat dekorasi pesta ulang tahun kalian lebih meriah, kami menyediakan backdrop&nbsp; dengan berbagai model.</p>',0,0,0,'182afbd25d062355d7d01397c4ff803c.jpg','182afbd25d062355d7d01397c4ff803c_thumb.jpg','FILE','','','YES','YES'),(200,25,'Birthday Party Planner','<p>Kami menyediakan jasa :</p>\n<ul>\n<li>Foto Liputan</li>\n<li>Foto Booth</li>\n<li>MC</li>\n<li>Make Up</li>\n<li>Paket Ulang Tahun sesuai budget</li>\n</ul>\n<p>&nbsp;Paket 1&nbsp;&nbsp; ( Paket Ultah Sederhana )&nbsp;&nbsp; : Rp. 1.000.000<br />- MC<br />- Dekor Standar backdrop&nbsp;&nbsp; + Balon <br />- Topi Ultah 25 pcs<br />- Kursi&nbsp;&nbsp;&nbsp; 25 pcs<br />- Undangan 25 pcs<br />- Name Tag&nbsp; 25 pcs<br />- Taart&nbsp; Standard</p>\n<p>Untuk lebih detail dan paket-paket lainnya silahkan menghubungi kami.</p>\n<p>Ayo buat acara kalian menjadi berkesan dan tidak terlupakan.</p>',0,0,0,'c491de4645c1099b2c18ba23fc8262d7.jpg','c491de4645c1099b2c18ba23fc8262d7_thumb.jpg','FILE','','','YES','NO'),(201,25,'Paper Bag','<p>Paper Bag unik dan lucu dengan teknik piecing</p>\n<p>Bahan : Karton bahan tebal, kertas HVS, kemasan plastik, size 17 x16cm</p>\n<p>Made by order</p>\n<p>Minimum order 6pcs dan order satu bulan sebelumnya</p>',0,0,0,'b3b0972892a7da885cc9f650ca3b08c5.jpg','b3b0972892a7da885cc9f650ca3b08c5_thumb.jpg','FILE','','','YES','NO'),(202,25,'Birthday Cakes','<p>Menerima pemesanan birthday cakes dengan berbagai model</p>',0,0,0,'d78513b75ededf39ad260e99497015af.jpg','d78513b75ededf39ad260e99497015af_thumb.jpg','FILE','','','YES','NO'),(203,27,'Franchise Spa - Frangipani','<h2 class=\"contentheading\">Keuntungan Bergabung dengan Frangipani</h2>\n<div class=\"article-toolswrap\">&nbsp;</div>\n<div class=\"article-content\">\n<p>Harga paket Franchise kita masih tetap 35 juta,dengan keunggulan<br />Dengan Potensi penghasilan 30 jt/bulan,bisa di perbesar sampai konsep resort</p>\n<p><br /> 1.tidak ada royalti fee bulanan</p>\n<p>2.Paket bisa di pakai selam 3 tahun dengan biaya memperpanjang cuma 10 jt/3 th</p>\n<p>3.Pendampingan selama 3 th</p>\n<p>4.Training di tempat</p>\n<p>5.Yang di ajarkan tidak hanya teknik spa tetapi lengkap dengan management dan marketing</p>\n<p>6.konsultasi gratis selama masih bekerja sama</p>\n<p>7.training ulang gratis selama masih bekerja sama</p>\n<p>8.dengan 4 kamar ,target pendapatan 30 jt/bulan,dan diajarkan cara mencapainya.</p>\n<p>9.kami mengajarkan semua dasar spa secara profesional bahkan apabila ada partner yg mau memperbesar spa menjadi sebuah resort spa ,bahan kami sudah siap.</p>\n<p>10.penyeliaan calon karyawati menjadi daasr utama,kami mengajarkan juga personality ,customer handling</p>\n<p>11.sudah termasuk produk utk stater,alatalat spa,dan alat alat marketing dengan semua kelengkapan tersebut Mitra sangat diuntungkan karena dengan bebas bisa memperbesar bisnis mereka tanpa halangan,bahkan akan di support.</p>\n<p>di waralaba yang lain semua dibatasi sesuai dengan visi pemiliknya...pertanyaanya..sampai dimana visi pemiliknya?</p>\n<p>karena bisnis ini bisa menjadi besar sekali bila sesuai dengan wilayah , seperti halnya di bali,lombok dll..apabila pemiliknya bervisi hanya day spa maka tidak mungkin bisnis tersebut bisa besar di tempat yang memiliki konsep wilayah pariwisata.</p>\n<p>Untuk info lebih detail atau permintaan proposal, silahkan menghubungi kami.&nbsp;</p>\n<p>&nbsp;</p>\n<p>&nbsp;</p>\n<p>&nbsp;</p>\n<p>&nbsp;</p>\n</div>\n<p>&nbsp;</p>',0,0,0,'4cf4e00eadd7cab019dee016dd00e143.jpg','4cf4e00eadd7cab019dee016dd00e143_thumb.jpg','FILE','','','YES','NO'),(204,27,'Franchise Guest House ','<p>Punya rumah nganggur&hellip;?<br /><br />Punya villa repot dan merugi?<br /><br />Punya kost kost an minus?<br /><br />Punya Gedung bingung mo ngapain&hellip;?<br /><br />Latar Belakang<br /><br />Paradigma masyarakat saat ini menginginkan suatu tempat penginapan dengan harga yang terjangkau dan mendapat fasilitas yang baik. Muncullah konsep persewaan rumah dinamakan Home Stay / Guest House.<br /><br />Dimana masyarakat dengan biaya yang terjangkau dapat menyewa 1 rumah dengan fasilitas 3 kamar, AC,TV LCD, ruang tamu, dapur, kompor gas, dll, dapat diisi untuk 1 keluarga sampai dengan 10 orang.<br /><br />Dengan konsep tersebut keluarga yang menginap akan mendapat suasana Homy layaknya dirumah sendiri dan yang pasti biaya yang lebih terjangkau dibanding menginap di hotel.</p>\n<p>Mengapa Pengusaha Solo -Guest House ?<br /><br />Keunggulan berinvestasi di Pengusaha Solo-Guest House:<br /><br />1. Berinvestasi di asset property merupakan investasi yang paling menguntungkan, dimana harga<br /><br />rumah dan tanah akan terus naik berkisar 10 &ndash; 20% per tahun.<br /><br />2. Pengusaha Solo-Guest House membuat asset property yang anda miliki menjadi lebih produktif,<br /><br />dimana keuntungan bisa mencapai 600% jika dibanding hanya dengan dikontrakan biasa.<br /><br />3. Manajemen pengelolaan sepenuhnya dipegang oleh Pengusaha Solo-Guest House, terkerjasama<br /><br />tinggal menerima keuntungan dan laporan rutin perbulan (pasif income), khusus untuk kota yang<br /><br />telah ada master franchise atau Manajemen Franchisor.<br /><br />4. Didukung manajemen yang handal, terbukti menciptakan ratusan pengusaha sukses.<br /><br />5. Memiliki Visi, Misi, Filosofi dan target yang jelas.<br /><br />6. Jangka waktu pengembalian modal yang cepat, didukung oleh margin yang besar.<br /><br />7. Konsep unik dan menarik , pertama di Indonesia dalam manajemen Guest House.<br /><br />8. Diyakini keunggulan utama dalam sistem jaringan adalah dalam hal pemasaran, dengan budget<br /><br />yang digalang bersama-sama bisa mendapatkan awareness dan dampak yang maksimal bagi<br /><br />seluruh unit Guest House, sehingga tingkat okupansi tinggi. Dibanding hanya dijalankan sendiri<br /><br />dimana untuk membangun merek untuk bisa dikenal luas dibutuhkan eksistensi dan biaya yang<br /><br />besar. Dengan bergabung bersama kami semua bisa diraih dengan budget yang terjangka</p>\n<p>&nbsp;</p>\n<p>Silahkan menghubungi kami untuk informasi lebih detail. </p>',0,0,0,'b6a76467f3ca07d59db3a55d81ef6c16.jpg','b6a76467f3ca07d59db3a55d81ef6c16_thumb.jpg','FILE','','','YES','YES'),(216,30,'Tas Boneka lucu','<p>Tas dengan boneka lucu uk 35cm bisa untuk remaja dan anak-anak</p>',40000,35000,1,'9d9df1a55a715be72a711ab94a1846a2.jpg','9d9df1a55a715be72a711ab94a1846a2_thumb.jpg','FILE','','','YES','YES'),(217,31,'Princess','<p>Selimut adem dan lembut&nbsp; dengan motif karakter Princess, cocok untuk anak kesayangan Anda :)</p>',115000,92000,1,'f28afb4ad4a4d55379014aaa4a5ef755.jpg','f28afb4ad4a4d55379014aaa4a5ef755_thumb.jpg','FILE','','','YES','NO'),(218,31,'Barbie','<p>Selimut adem dan lembut bermotif karakter Barbie</p>',115000,92000,1,'ac1fc69a09ebca5e3ef4834a8ffd1625.jpg','ac1fc69a09ebca5e3ef4834a8ffd1625_thumb.jpg','FILE','','','YES','NO'),(219,31,'Mickey Mouse','<p>Selimut adem dan lembut bermotif karakter Mickey Mouse</p>',115000,92000,1,'cba157a4d3f9b4fbe729b87938e8a4d9.jpg','cba157a4d3f9b4fbe729b87938e8a4d9_thumb.jpg','FILE','','','YES','NO'),(220,31,'Winnie The Pooh','<p>Selimut adem dan lembut bermotif karakter Winnie The Pooh</p>',115000,92000,1,'537fd854174160e079f37d2c4e5c3ad6.jpg','537fd854174160e079f37d2c4e5c3ad6_thumb.jpg','FILE','','','YES','NO'),(221,31,'Marvel Heroes','<p>Selimut adem dan lembut bermotif karakter Marvel Heroes (spiderman dan Fantastic Four)</p>',115000,92000,1,'688ef63b1d936661d7c34383531b9cf1.jpg','688ef63b1d936661d7c34383531b9cf1_thumb.jpg','FILE','','','YES','NO'),(222,31,'Hello Kitty','<p>Selimut adem dan lembut bermotif karakter Hello Kitty</p>',115000,92000,1,'21d52e0cfc9288e8315775874ef673f1.jpg','21d52e0cfc9288e8315775874ef673f1_thumb.jpg','FILE','','','YES','NO'),(223,31,'Tinker Bell','<p>Selimut adem dan lembut bermotif karakter Tinker Bell</p>',115000,92000,1,'7bf0d3c968beabcd6c855aa26a813641.jpg','7bf0d3c968beabcd6c855aa26a813641_thumb.jpg','FILE','','','YES','NO'),(224,31,'CARS','<p>Selimut adem dan lembut bermotif karakter Animasi \"Cars2\" di tokyo</p>',115000,92000,1,'fa6f6f8395a318f0d8e786ff773a1508.jpg','fa6f6f8395a318f0d8e786ff773a1508_thumb.jpg','FILE','','','YES','NO'),(225,31,'funny animal','<p>Selimut adem dan lembut bermotif beberapa karakter funny animal</p>',115000,92000,1,'1ae84507f52b1bb6f03ea29ce75ac2a1.jpg','1ae84507f52b1bb6f03ea29ce75ac2a1_thumb.jpg','FILE','','','YES','NO'),(226,31,'background warna coklat dengan karakter mickey','<p>Selimut adem dan lembut dengan background warna selimut coklat an bermotif karakter Mickey</p>',115000,92000,1,'6de62b16097cb6250d395c6a7a390b25.jpg','6de62b16097cb6250d395c6a7a390b25_thumb.jpg','FILE','','','YES','NO'),(227,31,'Angry Bird','<p>Selimut adem dan lembut bermotif karakter Anggry Bird</p>',115000,92000,1,'f2ec11481a18e5fa7117b127f47944d5.jpg','f2ec11481a18e5fa7117b127f47944d5_thumb.jpg','FILE','','','YES','YES'),(206,28,'Minnie','<p>Bantal dengan Motif Minnie</p>',45000,30000,1,'db1d5705fd0e0a6018f685f7c270db6b.jpg','db1d5705fd0e0a6018f685f7c270db6b_thumb.jpg','FILE','','','YES','YES'),(207,28,'Winnie the pooh','<p>Bantal dengan motif Winnie The pooh</p>',45000,30000,1,'aaabc7b23838547678bf5f852ebfa14a.jpg','aaabc7b23838547678bf5f852ebfa14a_thumb.jpg','FILE','','','YES','NO'),(208,28,'Motif Barney','<p>Bantal dengan motif Barley</p>',45000,30000,1,'c52f49d070f9a08a5df280625d98c453.jpg','c52f49d070f9a08a5df280625d98c453_thumb.jpg','FILE','','','YES','NO'),(209,24,'Teddy Bear','<p>Baju dengan motif teddy bear </p>',55000,45000,1,'9866672352b34a5173a7f255a2d0dac3.jpg','9866672352b34a5173a7f255a2d0dac3_thumb.jpg','FILE','','','YES','NO'),(210,24,'Bear','<p>Baju tidur motif Bear</p>',55000,45000,1,'8afc6334595f168505d6f42ca213a0e7.jpg','8afc6334595f168505d6f42ca213a0e7_thumb.jpg','FILE','','','YES','NO'),(211,24,'Pooh & Hello Kitty','<p>Motif Pooh dan Hello Kitty</p>',55000,45000,1,'6163abd7ccfa93300f12ef7323d8275d.jpg','6163abd7ccfa93300f12ef7323d8275d_thumb.jpg','FILE','','','YES','NO'),(212,24,'Duck','<p>Motif Disney Deasy Duck</p>',55000,45000,1,'50f1b9362fa73723acc37f4697f0c1c7.jpg','50f1b9362fa73723acc37f4697f0c1c7_thumb.jpg','FILE','','','YES','NO'),(213,24,'Motif Newspaper','<p>Baju tidur dengan motif newspaper&nbsp;</p>',55000,45000,1,'7ce904831f135c08acaf9849f1e7d267.jpg','7ce904831f135c08acaf9849f1e7d267_thumb.jpg','FILE','','','YES','YES'),(214,30,'Tas Panda','<p>Tas Panda untuk anak-anak 2-6tahun ukuran 35cm</p>',40000,30000,1,'f1ff72ad8ec7b1ace4d54033f99bfca7.jpg','f1ff72ad8ec7b1ace4d54033f99bfca7_thumb.jpg','FILE','','','YES','NO'),(215,30,'Tas Jeans ','<p>Tas Jeans Esprit 2 in 1 Ransel dan selempang</p>',110000,100000,1,'3423debd3386dd66b41fb5b937a70291.jpg','3423debd3386dd66b41fb5b937a70291_thumb.jpg','FILE','','','YES','NO');

/*Table structure for table `province` */

DROP TABLE IF EXISTS `province`;

CREATE TABLE `province` (
  `province_id` int(11) NOT NULL AUTO_INCREMENT,
  `province_name` varchar(125) NOT NULL,
  PRIMARY KEY (`province_id`)
) ENGINE=MyISAM AUTO_INCREMENT=2 DEFAULT CHARSET=latin1;

/*Data for the table `province` */

insert  into `province`(`province_id`,`province_name`) values (1,'KEPULAUAN RIAU');

/*Table structure for table `setting` */

DROP TABLE IF EXISTS `setting`;

CREATE TABLE `setting` (
  `email` varchar(255) NOT NULL DEFAULT 'angraenz@gmail.com',
  `mobile_phone_number` varchar(255) NOT NULL DEFAULT '-',
  `pin_bb` varchar(8) NOT NULL DEFAULT '-',
  `website_name` varchar(100) NOT NULL DEFAULT 'raenz website',
  `shortcut_icon` varchar(255) NOT NULL,
  `use_recaptcha` enum('YES','NO') NOT NULL DEFAULT 'YES',
  `recaptcha_public_key` varchar(255) NOT NULL,
  `recaptcha_private_key` varchar(255) NOT NULL,
  `fb_app_id` varchar(255) NOT NULL,
  `fb_app_secret` varchar(255) NOT NULL,
  `ga_id` varchar(255) NOT NULL,
  `ga_domain_name` varchar(255) NOT NULL
) ENGINE=MyISAM DEFAULT CHARSET=latin1;

/*Data for the table `setting` */

insert  into `setting`(`email`,`mobile_phone_number`,`pin_bb`,`website_name`,`shortcut_icon`,`use_recaptcha`,`recaptcha_public_key`,`recaptcha_private_key`,`fb_app_id`,`fb_app_secret`,`ga_id`,`ga_domain_name`) values ('angraenz@gmail.com','+6283872989393','2A57D770','Raenz Things','8f3643888448a31214fd922fe3dac72c.jpg','NO','6LcaVtwSAAAAAF49OT-h1BJP__o033ZUftesT55W','6LcaVtwSAAAAAMyDWI_9Rjk8WBmvskr3tVShXK2o','427938927275194','88152240cad3ff833de64c435b81aaf0','UA-38553884-1','raenz.com');

/*Table structure for table `shipping_rate` */

DROP TABLE IF EXISTS `shipping_rate`;

CREATE TABLE `shipping_rate` (
  `shipping_rate_id` int(11) NOT NULL AUTO_INCREMENT,
  `fk_courier_id` int(11) NOT NULL,
  `fk_city_id` int(11) NOT NULL,
  `rate` double NOT NULL,
  PRIMARY KEY (`shipping_rate_id`)
) ENGINE=MyISAM AUTO_INCREMENT=3 DEFAULT CHARSET=latin1;

/*Data for the table `shipping_rate` */

insert  into `shipping_rate`(`shipping_rate_id`,`fk_courier_id`,`fk_city_id`,`rate`) values (1,1,1,19000),(2,2,1,20500);

/*Table structure for table `slider` */

DROP TABLE IF EXISTS `slider`;

CREATE TABLE `slider` (
  `slider_id` int(11) NOT NULL AUTO_INCREMENT,
  `show_title` enum('YES','NO') NOT NULL DEFAULT 'YES',
  `is_a_link` enum('YES','NO') DEFAULT 'NO',
  `link_url` varchar(250) DEFAULT NULL,
  `slider_caption` text,
  `slider_image` varchar(250) NOT NULL,
  `slider_image_thumbs` varchar(250) NOT NULL,
  `image_used` enum('FILE','URL') DEFAULT 'FILE',
  `image_url` varchar(500) DEFAULT NULL,
  `image_url_thumbs` varchar(500) DEFAULT NULL,
  `active` enum('YES','NO') NOT NULL DEFAULT 'YES',
  PRIMARY KEY (`slider_id`)
) ENGINE=MyISAM AUTO_INCREMENT=10 DEFAULT CHARSET=latin1;

/*Data for the table `slider` */

insert  into `slider`(`slider_id`,`show_title`,`is_a_link`,`link_url`,`slider_caption`,`slider_image`,`slider_image_thumbs`,`image_used`,`image_url`,`image_url_thumbs`,`active`) values (1,'YES','NO',NULL,'<p>Teruslah berusaha dan tidak menyerah seperti ayah nemo&nbsp; dalam film finding nemo :) </p>','0c94f4c8af039c18deb09d5797850090.jpg','0c94f4c8af039c18deb09d5797850090_thumb.jpg','FILE',NULL,NULL,'YES'),(2,'YES','NO',NULL,'<p>Bangunlah persahabatan yang tulus dan menyenangkan seperti tokoh-tokoh dalam film Toys Story ;)</p>','8cf9347597a52b3a66d7b2f1aa607898.jpg','8cf9347597a52b3a66d7b2f1aa607898_thumb.jpg','FILE',NULL,NULL,'YES'),(3,'YES','NO',NULL,'<p>Bermimpilah besar dan berusahalah untuk mencapainya seperti sang kakek dalam film UP</p>','6895fbba2d562259fcbacf431bbc2b5a.jpg','6895fbba2d562259fcbacf431bbc2b5a_thumb.jpg','FILE',NULL,NULL,'YES'),(4,'YES','NO',NULL,'<p>Kisah Wall-E dan Eve adalah kisah yang mengajarkan pentingnya pengorbanan, perjuangan, dan kemandirian. Kisah mereka berdua adalah kisah tentang kepolosan, <em>innocence, </em>dan kedewasaan. Kisah ini juga mengajarkan banyaknya nilai-nilai yang harus dijaga dalam menjadi manusia, makhluk yang bertanggungjawab dan pemimpin di bumi.<br /><br /></p>','f1afa3e45596107b562d4d2307d9c34e.jpg','f1afa3e45596107b562d4d2307d9c34e_thumb.jpg','FILE',NULL,NULL,'YES'),(7,'YES','NO',NULL,'<p>HAPPY VALENTINE DAY 2013 from raenz :)</p>','64d2c2e98a1c6b6b6fe32d399e20490d.jpg','64d2c2e98a1c6b6b6fe32d399e20490d_thumb.jpg','FILE','http://www.pastinews.com/wp-content/uploads/2011/02/Valentine-Day-Ada-Tradisi-Coklat-Bunga-Kado.jpg','http://www.pastinews.com/wp-content/uploads/2011/02/Valentine-Day-Ada-Tradisi-Coklat-Bunga-Kado.jpg','NO'),(8,'YES','YES','-','<p>Punya rumah nganggur&hellip;? Punya villa repot dan merugi? Punya kost kost an minus? Punya Gedung bingung mo ngapain&hellip;?</p>','','','URL','http://www.pengusahasolo.com/templates/pengso/images/headers/sh03-bg1.jpg','http://www.pengusahasolo.com/templates/pengso/images/headers/sh03-bg1.jpg','NO'),(9,'YES','YES','happy easter','<p>Have a very joyful Easter&nbsp;</p>','d76b253f7861b9db62a16bf1b50a79d9.jpg','d76b253f7861b9db62a16bf1b50a79d9_thumb.jpg','FILE',NULL,NULL,'YES');

/*Table structure for table `users` */

DROP TABLE IF EXISTS `users`;

CREATE TABLE `users` (
  `user_id` int(11) NOT NULL AUTO_INCREMENT,
  `password` varchar(255) COLLATE utf8_bin NOT NULL,
  `email` varchar(100) COLLATE utf8_bin NOT NULL,
  `activated` enum('YES','NO') COLLATE utf8_bin NOT NULL DEFAULT 'NO',
  `banned` enum('YES','NO') COLLATE utf8_bin NOT NULL DEFAULT 'NO',
  `ban_reason` varchar(255) COLLATE utf8_bin DEFAULT NULL,
  `new_password_key` varchar(50) COLLATE utf8_bin DEFAULT NULL,
  `new_password_requested` datetime DEFAULT NULL,
  `new_email` varchar(100) COLLATE utf8_bin DEFAULT NULL,
  `new_email_key` varchar(50) COLLATE utf8_bin DEFAULT NULL,
  `last_ip` varchar(40) COLLATE utf8_bin NOT NULL DEFAULT '0.0.0.0',
  `last_login` datetime NOT NULL DEFAULT '0000-00-00 00:00:00',
  `created` datetime NOT NULL DEFAULT '0000-00-00 00:00:00',
  `modified` datetime NOT NULL DEFAULT '0000-00-00 00:00:00',
  `type` enum('member','admin') COLLATE utf8_bin NOT NULL DEFAULT 'member',
  PRIMARY KEY (`user_id`)
) ENGINE=MyISAM AUTO_INCREMENT=8 DEFAULT CHARSET=utf8 COLLATE=utf8_bin;

/*Data for the table `users` */

insert  into `users`(`user_id`,`password`,`email`,`activated`,`banned`,`ban_reason`,`new_password_key`,`new_password_requested`,`new_email`,`new_email_key`,`last_ip`,`last_login`,`created`,`modified`,`type`) values (1,'ab8812bc10dbf45e8bed8f84573ad187a3146d5c','angraenz@gmail.com','YES','NO',NULL,NULL,NULL,NULL,'88bbb8260514500a7f70a2491817b1b8','::1','2013-04-09 04:31:45','2012-06-20 18:38:39','2012-06-23 13:53:37','admin'),(4,'1b5c1c7c43a9da10029b87c7558bdbf4aad19864','if07087@gmail.com','YES','NO',NULL,NULL,NULL,NULL,NULL,'::1','2016-03-04 07:51:05','2013-01-16 09:29:24','2013-01-16 09:29:25','admin'),(5,'9225caeb06e17a452d050e4a9e73ad084d7df455','santi@nongsapura.com','YES','NO',NULL,NULL,NULL,NULL,NULL,'180.241.208.171','2013-02-26 00:30:48','2013-01-24 09:16:42','2013-01-24 09:16:44','member'),(6,'9225caeb06e17a452d050e4a9e73ad084d7df455','gina@turibeach.com','YES','NO',NULL,NULL,NULL,NULL,NULL,'202.129.226.17','2013-02-25 00:40:37','2013-02-09 23:40:56','2013-02-09 23:41:01','member'),(7,'9225caeb06e17a452d050e4a9e73ad084d7df455','vivi@test.com','YES','YES','',NULL,NULL,NULL,NULL,'0.0.0.0','0000-00-00 00:00:00','2013-02-25 00:00:00','2013-02-25 00:00:00','member');

/*!40101 SET SQL_MODE=@OLD_SQL_MODE */;
/*!40014 SET FOREIGN_KEY_CHECKS=@OLD_FOREIGN_KEY_CHECKS */;
/*!40014 SET UNIQUE_CHECKS=@OLD_UNIQUE_CHECKS */;
/*!40111 SET SQL_NOTES=@OLD_SQL_NOTES */;
